G.species,subclass,species,habitat,Trophic.group,mcp,bbk50,bbk90,dis_max,lifestyle,max.sizeDasyatis_akajei,batoids,Dasyatis_akajei,Shelf,live-bearing,,,,,benthic,100Dasyatis_americana,batoids,Dasyatis_americana,Shelf,live-bearing,,,,,benthic,100Dasyatis_bennetti,batoids,Dasyatis_bennetti,Shelf,live-bearing,,,,,benthic,100Dasyatis_brevicaudata,batoids,Dasyatis_brevicaudata,Deep,live-bearing,,,,762.0987451,benthic,100Dasyatis_centroura,batoids,Dasyatis_centroura,Shelf,live-bearing,,,,,benthic,100Dasyatis_chrysonota,batoids,Dasyatis_chrysonota,Shelf,live-bearing,,,,,benthic,100Dasyatis_dipterura,batoids,Dasyatis_dipterura,Shelf,live-bearing,,,,,benthic,100Dasyatis_fluviorum,batoids,Dasyatis_fluviorum,Shelf,live-bearing,17087722.95,3129998.091,18743219.23,5.583079434,benthic,100Dasyatis_izuensis,batoids,Dasyatis_izuensis,Shelf,live-bearing,,,,,benthic,100Dasyatis_laevigata,batoids,Dasyatis_laevigata,Shelf,live-bearing,,,,,benthic,100Dasyatis_laosensis,batoids,Dasyatis_laosensis,Freshwater,live-bearing,,,,,benthic,100Dasyatis_lata,batoids,Dasyatis_lata,Shelf,live-bearing,,,,,benthic,100Dasyatis_longa,batoids,Dasyatis_longa,Shelf,live-bearing,,,,,benthic,100Dasyatis_margarita,batoids,Dasyatis_margarita,Shelf,live-bearing,,,,,benthic,100Dasyatis_margaritella,batoids,Dasyatis_margaritella,Shelf,live-bearing,,,,,benthic,100Dasyatis_matsubarai,batoids,Dasyatis_matsubarai,Shelf,live-bearing,,,,,benthic,100Dasyatis_microps,batoids,Dasyatis_microps,Shelf,live-bearing,,,,,benthic,100Dasyatis_navarrae,batoids,Dasyatis_navarrae,Shelf,live-bearing,,,,,benthic,100Dasyatis_parvonigra,batoids,Dasyatis_parvonigra,Shelf,live-bearing,,,,,benthic,100Dasyatis_pastinaca,batoids,Dasyatis_pastinaca,Shelf,live-bearing,,,,,benthic,100Dasyatis_sabina,batoids,Dasyatis_sabina,Shelf,live-bearing,,,,,benthic,100Dasyatis_say,batoids,Dasyatis_say,Shelf,live-bearing,,,,,benthic,100Dasyatis_thetidis,batoids,Dasyatis_thetidis,Shelf,live-bearing,,,,,benthic,100Dasyatis_ushiei,batoids,Dasyatis_ushiei,Shelf,live-bearing,,,,,benthic,100Dasyatis_zugei,batoids,Dasyatis_zugei,Shelf,live-bearing,,,,,benthic,100Himantura_astra,batoids,Himantura_astra,Shelf,live-bearing,45843.66455,63331.78801,304395.2773,1.510991662,benthic,100Himantura_fai,batoids,Himantura_fai,Shelf,live-bearing,2827324.746,16621069.48,59958150.68,5.070095156,benthic,100Himantura_gerrardi,batoids,Himantura_gerrardi,Shelf,live-bearing,,,,,benthic,100Himantura_granulata,batoids,Himantura_granulata,Shelf,live-bearing,,,,,benthic,100Himantura_hortlei,batoids,Himantura_hortlei,Shelf,live-bearing,,,,,benthic,100Himantura_imbricata,batoids,Himantura_imbricata,Shelf,live-bearing,,,,,benthic,100Himantura_jenkinsii,batoids,Himantura_jenkinsii,Shelf,live-bearing,20783025.76,1180054.934,11564416.9,131.6946037,benthic,100Himantura_leoparda,batoids,Himantura_leoparda,Shelf,live-bearing,,,,,benthic,100Himantura_lobistoma,batoids,Himantura_lobistoma,Shelf,live-bearing,,,,,benthic,100Himantura_oxyrhyncha,batoids,Himantura_oxyrhyncha,Freshwater,live-bearing,,,,,benthic,100Himantura_pacifica,batoids,Himantura_pacifica,Shelf,live-bearing,,,,,benthic,100Himantura_pastinacoides,batoids,Himantura_pastinacoides,Shelf,live-bearing,,,,,benthic,100Himantura_polylepis,batoids,Himantura_polylepis,Freshwater,live-bearing,,,,,benthic,100Himantura_schmardae,batoids,Himantura_schmardae,Shelf,live-bearing,,,,,benthic,100Himantura_signifer,batoids,Himantura_signifer,Freshwater,live-bearing,,,,,benthic,100Himantura_toshi,batoids,Himantura_toshi,Shelf,live-bearing,,,,,benthic,100Himantura_uarnacoides,batoids,Himantura_uarnacoides,Shelf,live-bearing,,,,,benthic,100Himantura_uarnak,batoids,Himantura_uarnak,Shelf,live-bearing,984204.4542,307719.4682,1607388.593,130.492164,benthic,100Himantura_undulata,batoids,Himantura_undulata,Shelf,live-bearing,,,,,benthic,100Himantura_walga,batoids,Himantura_walga,Shelf,live-bearing,,,,,benthic,100Neotrygon_annotata,batoids,Neotrygon_annotata,Shelf,live-bearing,,,,,benthic,100Neotrygon_kuhlii,batoids,Neotrygon_kuhlii,Shelf,live-bearing,,,,,benthic,100Neotrygon_leylandi,batoids,Neotrygon_leylandi,Shelf,live-bearing,,,,,benthic,100Neotrygon_ningalooensis,batoids,Neotrygon_ningalooensis,Shelf,live-bearing,,,,,benthic,100Neotrygon_picta,batoids,Neotrygon_picta,Shelf,live-bearing,,,,,benthic,100Pastinachus_atrus,batoids,Pastinachus_atrus,Shelf,live-bearing,6777245.079,2708357.46,18549072.22,131.8442039,benthic,100Pastinachus_gracilicaudus,batoids,Pastinachus_gracilicaudus,Shelf,live-bearing,,,,,benthic,100Pastinachus_sephen,batoids,Pastinachus_sephen,Shelf,live-bearing,,,,,benthic,100Pastinachus_solocirostris,batoids,Pastinachus_solocirostris,Shelf,live-bearing,,,,,benthic,100Pastinachus_stellurostris,batoids,Pastinachus_stellurostris,Shelf,live-bearing,,,,,benthic,100Pteroplatytrygon_violacea,batoids,Pteroplatytrygon_violacea,Pelagic,live-bearing,,,,,benthic,100Taeniura_lymma,batoids,Taeniura_lymma,Shelf,live-bearing,109863.9568,105318.9707,436613.9332,3.911608312,benthic,100Taeniurops_grabata,batoids,Taeniurops_grabata,Shelf,live-bearing,,,,,benthic,100Taeniurops_meyeni,batoids,Taeniurops_meyeni,Deep,live-bearing,,,,,benthic,100Urogymnus_asperrimus,batoids,Urogymnus_asperrimus,Shelf,live-bearing,4575829.03,1687676.61,16155299.04,4.453281589,benthic,100Gymnura_altavela,batoids,Gymnura_altavela,Shelf,live-bearing,,,,,benthic,100Gymnura_australis,batoids,Gymnura_australis,Shelf,live-bearing,,,,,benthic,100Gymnura_crebripunctata,batoids,Gymnura_crebripunctata,Shelf,live-bearing,,,,,benthic,100Gymnura_japonica,batoids,Gymnura_japonica,Shelf,live-bearing,,,,,benthic,100Gymnura_marmorata,batoids,Gymnura_marmorata,Shelf,live-bearing,,,,,benthic,100Gymnura_micrura,batoids,Gymnura_micrura,Shelf,live-bearing,,,,,benthic,100Gymnura_poecilura,batoids,Gymnura_poecilura,Shelf,live-bearing,,,,,benthic,100Gymnura_zonura,batoids,Gymnura_zonura,Shelf,live-bearing,,,,,benthic,100Hexatrygon_bickelli,batoids,Hexatrygon_bickelli,Deep,live-bearing,,,,,benthic,100Manta_birostris,batoids,Manta_birostris,Pelagic,live-bearing,,,,,benthic,100Mobula_hypostoma,batoids,Mobula_hypostoma,Pelagic,live-bearing,,,,,benthic,100Mobula_japanica,batoids,Mobula_japanica,Pelagic,live-bearing,,,,,benthic,100Mobula_kuhlii,batoids,Mobula_kuhlii,Pelagic,live-bearing,,,,,benthic,100Mobula_munkiana,batoids,Mobula_munkiana,Pelagic,live-bearing,,,,,benthic,100Mobula_tarapacana,batoids,Mobula_tarapacana,Pelagic,live-bearing,,,,,benthic,100Mobula_thurstoni,batoids,Mobula_thurstoni,Pelagic,live-bearing,,,,,benthic,100Aetobatus_flagellum,batoids,Aetobatus_flagellum,Shelf,live-bearing,,,,,benthic,100Aetobatus_narinari,batoids,Aetobatus_narinari,Shelf,live-bearing,,,,,benthic,100Aetomylaeus_maculatus,batoids,Aetomylaeus_maculatus,Shelf,live-bearing,,,,,benthic,100Aetomylaeus_vespertilio,batoids,Aetomylaeus_vespertilio,Shelf,live-bearing,,,,,benthic,100Myliobatis_aquila,batoids,Myliobatis_aquila,Shelf,live-bearing,,,,,benthic,100Myliobatis_australis,batoids,Myliobatis_australis,Shelf,live-bearing,97506447.74,4095110656,26638600928,,benthic,100Myliobatis_californicus,batoids,Myliobatis_californicus,Shelf,live-bearing,,,,,benthic,100Myliobatis_freminvillei,batoids,Myliobatis_freminvillei,Shelf,live-bearing,,,,,benthic,100Myliobatis_goodei,batoids,Myliobatis_goodei,Shelf,live-bearing,,,,,benthic,100Myliobatis_longirostris,batoids,Myliobatis_longirostris,Shelf,live-bearing,,,,,benthic,100Myliobatis_tobijei,batoids,Myliobatis_tobijei,Shelf,live-bearing,,,,,benthic,100Pteromylaeus_bovinus,batoids,Pteromylaeus_bovinus,Shelf,live-bearing,,,,,benthic,100Plesiobatis_daviesi,batoids,Plesiobatis_daviesi,Deep,live-bearing,,,,,benthic,100Paratrygon_aiereba,batoids,Paratrygon_aiereba,Freshwater,live-bearing,,,,,benthic,100Plesiotrygon_iwamae,batoids,Plesiotrygon_iwamae,Freshwater,live-bearing,,,,,benthic,100Potamotrygon_castexi,batoids,Potamotrygon_castexi,Freshwater,live-bearing,,,,,benthic,100Potamotrygon_falkneri,batoids,Potamotrygon_falkneri,Freshwater,live-bearing,,,,,benthic,100Potamotrygon_henlei,batoids,Potamotrygon_henlei,Freshwater,live-bearing,,,,,benthic,100Potamotrygon_hystrix,batoids,Potamotrygon_hystrix,Freshwater,live-bearing,,,,,benthic,100Potamotrygon_motoro,batoids,Potamotrygon_motoro,Freshwater,live-bearing,,,,,benthic,100Potamotrygon_orbignyi,batoids,Potamotrygon_orbignyi,Freshwater,live-bearing,,,,,benthic,100Potamotrygon_yepezi,batoids,Potamotrygon_yepezi,Freshwater,live-bearing,,,,,benthic,100Rhinoptera_bonasus,batoids,Rhinoptera_bonasus,Shelf,live-bearing,,,,,benthic,100Rhinoptera_javanica,batoids,Rhinoptera_javanica,Shelf,live-bearing,,,,,benthic,100Rhinoptera_jayakari,batoids,Rhinoptera_jayakari,Shelf,live-bearing,,,,,benthic,100Rhinoptera_neglecta,batoids,Rhinoptera_neglecta,Shelf,live-bearing,,,,,benthic,100Rhinoptera_steindachneri,batoids,Rhinoptera_steindachneri,Shelf,live-bearing,,,,,benthic,100Trygonoptera_imitata,batoids,Trygonoptera_imitata,Shelf,live-bearing,,,,,benthic,100Trygonoptera_mucosa,batoids,Trygonoptera_mucosa,Shelf,live-bearing,,,,,benthic,100Trygonoptera_ovalis,batoids,Trygonoptera_ovalis,Shelf,live-bearing,,,,,benthic,100Trygonoptera_personata,batoids,Trygonoptera_personata,Shelf,live-bearing,,,,,benthic,100Trygonoptera_testacea,batoids,Trygonoptera_testacea,Shelf,live-bearing,5671861.49,735971.1749,6160351.316,4.262041549,benthic,100Urolophus_aurantiacus,batoids,Urolophus_aurantiacus,Shelf,live-bearing,,,,,benthic,100Urolophus_bucculentus,batoids,Urolophus_bucculentus,Shelf,live-bearing,,,,,benthic,100Urolophus_cruciatus,batoids,Urolophus_cruciatus,Shelf,live-bearing,,,,,benthic,100Urolophus_expansus,batoids,Urolophus_expansus,Deep,live-bearing,,,,,benthic,100Urolophus_flavomosaicus,batoids,Urolophus_flavomosaicus,Shelf,live-bearing,,,,,benthic,100Urolophus_kapalensis,batoids,Urolophus_kapalensis,Shelf,live-bearing,,,,,benthic,100Urolophus_lobatus,batoids,Urolophus_lobatus,Shelf,live-bearing,,,,,benthic,100Urolophus_paucimaculatus,batoids,Urolophus_paucimaculatus,Shelf,live-bearing,,,,,benthic,100Urolophus_sufflavus,batoids,Urolophus_sufflavus,Shelf,live-bearing,,,,,benthic,100Urolophus_viridis,batoids,Urolophus_viridis,Shelf,live-bearing,,,,,benthic,100Urolophus_westraliensis,batoids,Urolophus_westraliensis,Shelf,live-bearing,,,,,benthic,100Urobatis_concentricus,batoids,Urobatis_concentricus,Shelf,live-bearing,,,,,benthic,100Urobatis_halleri,batoids,Urobatis_halleri,Shelf,live-bearing,,,,,benthic,100Urobatis_jamaicensis,batoids,Urobatis_jamaicensis,Shelf,live-bearing,,,,,benthic,100Urobatis_maculatus,batoids,Urobatis_maculatus,Shelf,live-bearing,,,,,benthic,100Urotrygon_rogersi,batoids,Urotrygon_rogersi,Shelf,live-bearing,,,,,benthic,100Cruriraja_hulleyi,batoids,Cruriraja_hulleyi,Deep,egg-laying,,,,,benthic,100Cruriraja_parcomaculata,batoids,Cruriraja_parcomaculata,Deep,egg-laying,,,,,benthic,100Sinobatis_borneensis,batoids,Sinobatis_borneensis,Deep,egg-laying,,,,,benthic,100Arhynchobatis_asperrimus,batoids,Arhynchobatis_asperrimus,Deep,egg-laying,,,,,benthic,100Atlantoraja_castelnaui,batoids,Atlantoraja_castelnaui,Shelf,egg-laying,,,,,benthic,100Atlantoraja_cyclophora,batoids,Atlantoraja_cyclophora,Shelf,egg-laying,,,,,benthic,100Atlantoraja_platana,batoids,Atlantoraja_platana,Shelf,egg-laying,,,,,benthic,100Bathyraja_abyssicola,batoids,Bathyraja_abyssicola,Deep,egg-laying,,,,,benthic,100Bathyraja_aleutica,batoids,Bathyraja_aleutica,Deep,egg-laying,,,,,benthic,100Bathyraja_brachyurops,batoids,Bathyraja_brachyurops,Deep,egg-laying,,,,,benthic,100Bathyraja_cousseauae,batoids,Bathyraja_cousseauae,Deep,egg-laying,,,,,benthic,100Bathyraja_griseocauda,batoids,Bathyraja_griseocauda,Deep,egg-laying,,,,,benthic,100Bathyraja_irrasa,batoids,Bathyraja_irrasa,Deep,egg-laying,,,,,benthic,100Bathyraja_kincaidii,batoids,Bathyraja_kincaidii,Deep,egg-laying,,,,,benthic,100Bathyraja_lindbergi,batoids,Bathyraja_lindbergi,Deep,egg-laying,,,,,benthic,100Bathyraja_maccaini,batoids,Bathyraja_maccaini,Deep,egg-laying,,,,,benthic,100Bathyraja_maculata,batoids,Bathyraja_maculata,Deep,egg-laying,,,,,benthic,100Bathyraja_mariposa,batoids,Bathyraja_mariposa,Deep,egg-laying,,,,,benthic,100Bathyraja_meridionalis,batoids,Bathyraja_meridionalis,Deep,egg-laying,,,,,benthic,100Bathyraja_minispinosa,batoids,Bathyraja_minispinosa,Deep,egg-laying,,,,,benthic,100Bathyraja_pallida,batoids,Bathyraja_pallida,Deep,egg-laying,,,,,benthic,100Bathyraja_parmifera,batoids,Bathyraja_parmifera,Shelf,egg-laying,,,,,benthic,100Bathyraja_richardsoni,batoids,Bathyraja_richardsoni,Deep,egg-laying,,,,,benthic,100Bathyraja_scaphiops,batoids,Bathyraja_scaphiops,Deep,egg-laying,,,,,benthic,100Bathyraja_shuntovi,batoids,Bathyraja_shuntovi,Deep,egg-laying,,,,,benthic,100Bathyraja_smirnovi,batoids,Bathyraja_smirnovi,Shelf,egg-laying,,,,,benthic,100Bathyraja_spinicauda,batoids,Bathyraja_spinicauda,Deep,egg-laying,,,,,benthic,100Bathyraja_trachura,batoids,Bathyraja_trachura,Deep,egg-laying,,,,,benthic,100Bathyraja_violacea,batoids,Bathyraja_violacea,Deep,egg-laying,,,,,benthic,100Brochiraja_albilabiata,batoids,Brochiraja_albilabiata,Deep,egg-laying,,,,,benthic,100Brochiraja_asperula,batoids,Brochiraja_asperula,Deep,egg-laying,,,,,benthic,100Brochiraja_leviveneta,batoids,Brochiraja_leviveneta,Deep,egg-laying,,,,,benthic,100Brochiraja_microspinifera,batoids,Brochiraja_microspinifera,Deep,egg-laying,,,,,benthic,100Brochiraja_spinifera,batoids,Brochiraja_spinifera,Deep,egg-laying,,,,,benthic,100Insentiraja_subtilispinosa,batoids,Insentiraja_subtilispinosa,Deep,egg-laying,,,,,benthic,100Irolita_waitii,batoids,Irolita_waitii,Shelf,egg-laying,,,,,benthic,100Notoraja_azurea,batoids,Notoraja_azurea,Deep,egg-laying,,,,,benthic,100Pavoraja_alleni,batoids,Pavoraja_alleni,Deep,egg-laying,,,,,benthic,100Pavoraja_nitida,batoids,Pavoraja_nitida,Deep,egg-laying,,,,,benthic,100Psammobatis_lentiginosa,batoids,Psammobatis_lentiginosa,Shelf,egg-laying,,,,,benthic,100Psammobatis_rudis,batoids,Psammobatis_rudis,Deep,egg-laying,,,,,benthic,100Rhinoraja_albomaculata,batoids,Rhinoraja_albomaculata,Deep,egg-laying,,,,,benthic,100Rhinoraja_macloviana,batoids,Rhinoraja_macloviana,Deep,egg-laying,,,,,benthic,100Rhinoraja_magellanica,batoids,Rhinoraja_magellanica,Deep,egg-laying,,,,,benthic,100Rhinoraja_multispinis,batoids,Rhinoraja_multispinis,Deep,egg-laying,,,,,benthic,100Rhinoraja_murrayi,batoids,Rhinoraja_murrayi,Deep,egg-laying,,,,,benthic,100Rhinoraja_taranetzi,batoids,Rhinoraja_taranetzi,Deep,egg-laying,,,,,benthic,100Rioraja_agassizii,batoids,Rioraja_agassizii,Shelf,egg-laying,,,,,benthic,100Sympterygia_acuta,batoids,Sympterygia_acuta,Shelf,egg-laying,,,,,benthic,100Sympterygia_bonapartii,batoids,Sympterygia_bonapartii,Shelf,egg-laying,,,,,benthic,100Amblyraja_badia,batoids,Amblyraja_badia,Deep,egg-laying,,,,,benthic,100Amblyraja_doellojuradoi,batoids,Amblyraja_doellojuradoi,Deep,egg-laying,,,,,benthic,100Amblyraja_hyperborea,batoids,Amblyraja_hyperborea,Deep,egg-laying,,,,,benthic,100Amblyraja_jenseni,batoids,Amblyraja_jenseni,Deep,egg-laying,,,,,benthic,100Amblyraja_radiata,batoids,Amblyraja_radiata,Deep,egg-laying,,,,,benthic,100Beringraja_binoculata,batoids,Beringraja_binoculata,Deep,egg-laying,,,,,benthic,100Beringraja_pulchra,batoids,Beringraja_pulchra,Shelf,egg-laying,,,,,benthic,100Dentiraja_lemprieri,batoids,Dentiraja_lemprieri,Shelf,egg-laying,,,,,benthic,100Dipturus_australis,batoids,Dipturus_australis,Shelf,egg-laying,,,,,benthic,100Dipturus_batis,batoids,Dipturus_batis,Shelf,egg-laying,,,,,benthic,100Dipturus_cerva,batoids,Dipturus_cerva,Deep,egg-laying,,,,,benthic,100Dipturus_confusus,batoids,Dipturus_confusus,Shelf,egg-laying,,,,,benthic,100Dipturus_gudgeri,batoids,Dipturus_gudgeri,Deep,egg-laying,,,,,benthic,100Dipturus_healdi,batoids,Dipturus_healdi,Deep,egg-laying,,,,,benthic,100Dipturus_innominatus,batoids,Dipturus_innominatus,Deep,egg-laying,,,,,benthic,100Dipturus_kwangtungensis,batoids,Dipturus_kwangtungensis,Shelf,egg-laying,,,,,benthic,100Dipturus_laevis,batoids,Dipturus_laevis,Deep,egg-laying,,,,,benthic,100Dipturus_leptocaudus,batoids,Dipturus_leptocaudus,Deep,egg-laying,,,,,benthic,100Dipturus_macrocauda,batoids,Dipturus_macrocauda,Deep,egg-laying,,,,,benthic,100Dipturus_oxyrinchus,batoids,Dipturus_oxyrinchus,Deep,egg-laying,,,,,benthic,100Dipturus_pullopunctata,batoids,Dipturus_pullopunctata,Deep,egg-laying,,,,,benthic,100Dipturus_springeri,batoids,Dipturus_springeri,Deep,egg-laying,,,,,benthic,100Dipturus_tengu,batoids,Dipturus_tengu,Shelf,egg-laying,,,,,benthic,100Dipturus_trachydermus,batoids,Dipturus_trachydermus,Deep,egg-laying,,,,,benthic,100Hongeo_koreana,batoids,Hongeo_koreana,Shelf,egg-laying,,,,,benthic,100Leucoraja_circularis,batoids,Leucoraja_circularis,Deep,egg-laying,,,,,benthic,100Leucoraja_erinacea,batoids,Leucoraja_erinacea,Shelf,egg-laying,,,,,benthic,100Leucoraja_fullonica,batoids,Leucoraja_fullonica,Deep,egg-laying,,,,,benthic,100Leucoraja_garmani,batoids,Leucoraja_garmani,Deep,egg-laying,,,,,benthic,100Leucoraja_melitensis,batoids,Leucoraja_melitensis,Deep,egg-laying,,,,,benthic,100Leucoraja_naevus,batoids,Leucoraja_naevus,Deep,egg-laying,,,,,benthic,100Leucoraja_ocellata,batoids,Leucoraja_ocellata,Shelf,egg-laying,,,,,benthic,100Leucoraja_wallacei,batoids,Leucoraja_wallacei,Deep,egg-laying,,,,,benthic,100Malacoraja_kreffti,batoids,Malacoraja_kreffti,Deep,egg-laying,,,,,benthic,100Neoraja_caerulea,batoids,Neoraja_caerulea,Deep,egg-laying,,,,,benthic,100Okamejei_acutispina,batoids,Okamejei_acutispina,Shelf,egg-laying,,,,,benthic,100Okamejei_boesemani,batoids,Okamejei_boesemani,Shelf,egg-laying,,,,,benthic,100Okamejei_cairae,batoids,Okamejei_cairae,Shelf,egg-laying,,,,,benthic,100Okamejei_hollandi,batoids,Okamejei_hollandi,Shelf,egg-laying,,,,,benthic,100Okamejei_jensenae,batoids,Okamejei_jensenae,Deep,egg-laying,,,,,benthic,100Okamejei_kenojei,batoids,Okamejei_kenojei,Shelf,egg-laying,,,,,benthic,100Okamejei_meerdervoortii,batoids,Okamejei_meerdervoortii,Shelf,egg-laying,,,,,benthic,100Raja_asterias,batoids,Raja_asterias,Shelf,egg-laying,,,,,benthic,100Raja_brachyura,batoids,Raja_brachyura,Shelf,egg-laying,,,,,benthic,100Raja_clavata,batoids,Raja_clavata,Shelf,egg-laying,,,,,benthic,100Raja_inornata,batoids,Raja_inornata,Deep,egg-laying,,,,,benthic,100Raja_maderensis,batoids,Raja_maderensis,Shelf,egg-laying,,,,,benthic,100Raja_microocellata,batoids,Raja_microocellata,Shelf,egg-laying,,,,,benthic,100Raja_miraletus,batoids,Raja_miraletus,Shelf,egg-laying,,,,,benthic,100Raja_montagui,batoids,Raja_montagui,Shelf,egg-laying,,,,,benthic,100Raja_radula,batoids,Raja_radula,Shelf,egg-laying,,,,,benthic,100Raja_rhina,batoids,Raja_rhina,Deep,egg-laying,,,,,benthic,100Raja_stellulata,batoids,Raja_stellulata,Shelf,egg-laying,,,,,benthic,100Raja_straeleni,batoids,Raja_straeleni,Deep,egg-laying,,,,,benthic,100Raja_undulata,batoids,Raja_undulata,Shelf,egg-laying,,,,,benthic,100Raja_velezi,batoids,Raja_velezi,Shelf,egg-laying,,,,,benthic,100Rajella_barnardi,batoids,Rajella_barnardi,Deep,egg-laying,,,,,benthic,100Rajella_bathyphila,batoids,Rajella_bathyphila,Deep,egg-laying,,,,,benthic,100Rajella_bigelowi,batoids,Rajella_bigelowi,Deep,egg-laying,,,,,benthic,100Rajella_caudaspinosa,batoids,Rajella_caudaspinosa,Deep,egg-laying,,,,,benthic,100Rajella_fyllae,batoids,Rajella_fyllae,Deep,egg-laying,,,,,benthic,100Rajella_kukujevi,batoids,Rajella_kukujevi,Deep,egg-laying,,,,,benthic,100Rajella_leopardus,batoids,Rajella_leopardus,Deep,egg-laying,,,,,benthic,100Rostroraja_alba,batoids,Rostroraja_alba,Deep,egg-laying,,,,,benthic,100Zearaja_nasuta,batoids,Zearaja_nasuta,Deep,egg-laying,,,,,benthic,100Anoxypristis_cuspidata,batoids,Anoxypristis_cuspidata,Shelf,live-bearing,,,,,benthic,100Pristis_clavata,batoids,Pristis_clavata,Shelf,live-bearing,,,,,benthic,100Pristis_pectinata,batoids,Pristis_pectinata,Shelf,live-bearing,,,,,benthic,100Pristis_pristis,batoids,Pristis_pristis,Shelf,live-bearing,,,,,benthic,100Pristis_zijsron,batoids,Pristis_zijsron,Shelf,live-bearing,,,,,benthic,100Rhina_ancylostoma,batoids,Rhina_ancylostoma,Shelf,live-bearing,,,,,benthic,100Acroteriobatus_annulatus,batoids,Acroteriobatus_annulatus,Shelf,live-bearing,,,,,benthic,100Acroteriobatus_variegatus,batoids,Acroteriobatus_variegatus,Deep,live-bearing,,,,,benthic,100Aptychotrema_rostrata,batoids,Aptychotrema_rostrata,Shelf,live-bearing,,,,,benthic,100Aptychotrema_vincentiana,batoids,Aptychotrema_vincentiana,Shelf,live-bearing,,,,,benthic,100Glaucostegus_cemiculus,batoids,Glaucostegus_cemiculus,Shelf,live-bearing,,,,,benthic,100Glaucostegus_thouin,batoids,Glaucostegus_thouin,Shelf,live-bearing,,,,,benthic,100Glaucostegus_typus,batoids,Glaucostegus_typus,Shelf,live-bearing,14486184.44,5123831.186,29451943.04,77.05618286,benthic,100Rhinobatos_annandalei,batoids,Rhinobatos_annandalei,Shelf,live-bearing,,,,,benthic,100Rhinobatos_formosensis,batoids,Rhinobatos_formosensis,Shelf,live-bearing,,,,,benthic,100Rhinobatos_glaucostigma,batoids,Rhinobatos_glaucostigma,Shelf,live-bearing,,,,,benthic,100Rhinobatos_horkelii,batoids,Rhinobatos_horkelii,Shelf,live-bearing,,,,,benthic,100Rhinobatos_hynnicephalus,batoids,Rhinobatos_hynnicephalus,Shelf,live-bearing,,,,,benthic,100Rhinobatos_jimbaranensis,batoids,Rhinobatos_jimbaranensis,Shelf,live-bearing,,,,,benthic,100Rhinobatos_lentiginosus,batoids,Rhinobatos_lentiginosus,Shelf,live-bearing,,,,,benthic,100Rhinobatos_penggali,batoids,Rhinobatos_penggali,Shelf,live-bearing,,,,,benthic,100Rhinobatos_percellens,batoids,Rhinobatos_percellens,Shelf,live-bearing,,,,,benthic,100Rhinobatos_productus,batoids,Rhinobatos_productus,Shelf,live-bearing,,,,,benthic,100Rhinobatos_punctifer,batoids,Rhinobatos_punctifer,Shelf,live-bearing,,,,,benthic,100Rhinobatos_rhinobatos,batoids,Rhinobatos_rhinobatos,Shelf,live-bearing,,,,,benthic,100Rhinobatos_schlegelii,batoids,Rhinobatos_schlegelii,Shelf,live-bearing,,,,,benthic,100Trygonorrhina_fasciata,batoids,Trygonorrhina_fasciata,Shelf,live-bearing,3934531.415,283682.0684,3304048.374,5.770635388,benthic,100Zapteryx_brevirostris,batoids,Zapteryx_brevirostris,Shelf,live-bearing,,,,,benthic,100Zapteryx_exasperata,batoids,Zapteryx_exasperata,Shelf,live-bearing,,,,,benthic,100Rhynchobatus_australiae,batoids,Rhynchobatus_australiae,Shelf,live-bearing,,,,,benthic,100Rhynchobatus_djiddensis,batoids,Rhynchobatus_djiddensis,Shelf,live-bearing,,,,,benthic,100Rhynchobatus_laevis,batoids,Rhynchobatus_laevis,Shelf,live-bearing,,,,,benthic,100Rhynchobatus_palpebratus,batoids,Rhynchobatus_palpebratus,Shelf,live-bearing,,,,,benthic,100Zanobatus_schoenleinii,batoids,Zanobatus_schoenleinii,Shelf,live-bearing,,,,,benthic,100Diplobatis_ommata,batoids,Diplobatis_ommata,Shelf,live-bearing,,,,,benthic,100Narcine_brevilabiata,batoids,Narcine_brevilabiata,Shelf,live-bearing,,,,,benthic,100Narcine_brunnea,batoids,Narcine_brunnea,Shelf,live-bearing,,,,,benthic,100Narcine_entemedor,batoids,Narcine_entemedor,Shelf,live-bearing,,,,,benthic,100Narcine_lasti,batoids,Narcine_lasti,Deep,live-bearing,,,,,benthic,100Narcine_tasmaniensis,batoids,Narcine_tasmaniensis,Deep,live-bearing,,,,,benthic,100Narcine_timlei,batoids,Narcine_timlei,Shelf,live-bearing,,,,,benthic,100Narcine_westraliensis,batoids,Narcine_westraliensis,Shelf,live-bearing,,,,,benthic,100Typhlonarke_aysoni,batoids,Typhlonarke_aysoni,Deep,live-bearing,,,,,benthic,100Torpedo_californica,batoids,Torpedo_californica,Shelf,live-bearing,,,,,benthic,100Torpedo_fuscomaculata,batoids,Torpedo_fuscomaculata,Deep,live-bearing,,,,,benthic,100Torpedo_mackayana,batoids,Torpedo_mackayana,Shelf,live-bearing,,,,,benthic,100Torpedo_macneilli,batoids,Torpedo_macneilli,Deep,live-bearing,,,,,benthic,100Torpedo_marmorata,batoids,Torpedo_marmorata,Shelf,live-bearing,,,,,benthic,100Torpedo_nobiliana,batoids,Torpedo_nobiliana,Deep,live-bearing,,,,,benthic,100Torpedo_sinuspersici,batoids,Torpedo_sinuspersici,Shelf,live-bearing,,,,,benthic,100Torpedo_tokionis,batoids,Torpedo_tokionis,Shelf,live-bearing,,,,,benthic,100Torpedo_torpedo,batoids,Torpedo_torpedo,Shelf,live-bearing,,,,,benthic,100Platyrhina_sinensis,batoids,Platyrhina_sinensis,Shelf,live-bearing,,,,,benthic,100Platyrhinoidis_triseriata,batoids,Platyrhinoidis_triseriata,Shelf,live-bearing,,,,,benthic,100Callorhinchus_callorynchus,chimaeras,Callorhinchus_callorynchus,Shelf,egg-laying,,,,,benthic,100Callorhinchus_capensis,chimaeras,Callorhinchus_capensis,Shelf,egg-laying,,,,,benthic,100Callorhinchus_milii,chimaeras,Callorhinchus_milii,Shelf,egg-laying,4873.036133,47607533.05,149005980.2,275.4793754,benthic,100Chimaera_fulva,chimaeras,Chimaera_fulva,Deep,egg-laying,,,,,benthic,100Chimaera_lignaria,chimaeras,Chimaera_lignaria,Deep,egg-laying,,,,,benthic,100Chimaera_monstrosa,chimaeras,Chimaera_monstrosa,Deep,egg-laying,,,,,benthic,100Chimaera_opalescens,chimaeras,Chimaera_opalescens,Deep,egg-laying,,,,,benthic,100Chimaera_panthera,chimaeras,Chimaera_panthera,Deep,egg-laying,,,,,benthic,100Chimaera_phantasma,chimaeras,Chimaera_phantasma,Deep,egg-laying,,,,,benthic,100Hydrolagus_affinis,chimaeras,Hydrolagus_affinis,Deep,egg-laying,,,,,benthic,100Hydrolagus_africanus,chimaeras,Hydrolagus_africanus,Deep,egg-laying,,,,,benthic,100Hydrolagus_barbouri,chimaeras,Hydrolagus_barbouri,Deep,egg-laying,,,,,benthic,100Hydrolagus_bemisi,chimaeras,Hydrolagus_bemisi,Deep,egg-laying,,,,,benthic,100Hydrolagus_colliei,chimaeras,Hydrolagus_colliei,Deep,egg-laying,,,,,benthic,100Hydrolagus_lemures,chimaeras,Hydrolagus_lemures,Deep,egg-laying,,,,,benthic,100Hydrolagus_melanophasma,chimaeras,Hydrolagus_melanophasma,Deep,egg-laying,,,,,benthic,100Hydrolagus_mirabilis,chimaeras,Hydrolagus_mirabilis,Deep,egg-laying,,,,,benthic,100Hydrolagus_mitsukurii,chimaeras,Hydrolagus_mitsukurii,Deep,egg-laying,,,,,benthic,100Hydrolagus_novaezealandiae,chimaeras,Hydrolagus_novaezealandiae,Deep,egg-laying,,,,,benthic,100Hydrolagus_ogilbyi,chimaeras,Hydrolagus_ogilbyi,Deep,egg-laying,,,,,benthic,100Hydrolagus_trolli,chimaeras,Hydrolagus_trolli,Deep,egg-laying,,,,,benthic,100Harriotta_raleighana,chimaeras,Harriotta_raleighana,Deep,egg-laying,,,,,benthic,100Neoharriotta_pinnata,chimaeras,Neoharriotta_pinnata,Deep,egg-laying,,,,,benthic,100Rhinochimaera_africana,chimaeras,Rhinochimaera_africana,Deep,egg-laying,,,,,benthic,100Rhinochimaera_pacifica,chimaeras,Rhinochimaera_pacifica,Deep,egg-laying,,,,,benthic,100Carcharhinus_acronotus,sharks,Carcharhinus_acronotus,Shelf,live-bearing,,,,,benthic,100Carcharhinus_albimarginatus,sharks,Carcharhinus_albimarginatus,Shelf,live-bearing,135237599.6,1002667.663,31538465.66,49.22796848,benthic,100Carcharhinus_altimus,sharks,Carcharhinus_altimus,Shelf,live-bearing,,,,,benthic,100Carcharhinus_amblyrhynchoides,sharks,Carcharhinus_amblyrhynchoides,Shelf,live-bearing,,,,,benthic,100Carcharhinus_amblyrhynchos,sharks,Carcharhinus_amblyrhynchos,Shelf,live-bearing,66965465.86,3045491.303,33075061.23,127.0289596,benthic,100Carcharhinus_borneensis,sharks,Carcharhinus_borneensis,Shelf,live-bearing,,,,,benthic,100Carcharhinus_brachyurus,sharks,Carcharhinus_brachyurus,Shelf,live-bearing,543143663.6,134528142.4,776020038.2,82.96516261,benthic,100Carcharhinus_brevipinna,sharks,Carcharhinus_brevipinna,Shelf,live-bearing,,,,,benthic,100Carcharhinus_cautus,sharks,Carcharhinus_cautus,Shelf,live-bearing,3144577.783,1691426.299,18590140.98,5.909333145,benthic,100Carcharhinus_dussumieri,sharks,Carcharhinus_dussumieri,Shelf,live-bearing,,,,,benthic,100Carcharhinus_falciformis,sharks,Carcharhinus_falciformis,Pelagic,live-bearing,,,,,benthic,100Carcharhinus_fitzroyensis,sharks,Carcharhinus_fitzroyensis,Shelf,live-bearing,,,,20.35411961,benthic,100Carcharhinus_galapagensis,sharks,Carcharhinus_galapagensis,Shelf,live-bearing,,,,,benthic,100Carcharhinus_isodon,sharks,Carcharhinus_isodon,Shelf,live-bearing,,,,,benthic,100Carcharhinus_leiodon,sharks,Carcharhinus_leiodon,Shelf,live-bearing,,,,,benthic,100Carcharhinus_leucas,sharks,Carcharhinus_leucas,Shelf,live-bearing,31792858842,9909208720,83593769679,1766.945879,benthic,100Carcharhinus_limbatus,sharks,Carcharhinus_limbatus,Shelf,live-bearing,817594877.6,676015934.9,11522979294,127.0044875,benthic,100Carcharhinus_longimanus,sharks,Carcharhinus_longimanus,Pelagic,live-bearing,,,,,benthic,100Carcharhinus_macloti,sharks,Carcharhinus_macloti,Shelf,live-bearing,,,,,benthic,100Carcharhinus_melanopterus,sharks,Carcharhinus_melanopterus,Shelf,live-bearing,43581351.5,6140414.736,51809256.87,128.8326365,benthic,100Carcharhinus_obscurus,sharks,Carcharhinus_obscurus,Shelf,live-bearing,2399544866,4298820497,20100944642,2140.95401,benthic,100Carcharhinus_perezii,sharks,Carcharhinus_perezii,Shelf,live-bearing,,,,,benthic,100Carcharhinus_plumbeus,sharks,Carcharhinus_plumbeus,Shelf,live-bearing,420647532.1,265280546.1,1423859459,1131.516474,benthic,100Carcharhinus_sealei,sharks,Carcharhinus_sealei,Shelf,live-bearing,,,,,benthic,100Carcharhinus_signatus,sharks,Carcharhinus_signatus,Pelagic,live-bearing,,,,,benthic,100Carcharhinus_sorrah,sharks,Carcharhinus_sorrah,Shelf,live-bearing,,,,,benthic,100Carcharhinus_tilstoni,sharks,Carcharhinus_tilstoni,Shelf,live-bearing,169930978.4,2269442.038,31944218.15,1112.604977,benthic,100Galeocerdo_cuvier,sharks,Galeocerdo_cuvier,Shelf,live-bearing,586059261.9,291263179.5,5137881522,756.0525418,benthic,100Glyphis_fowlerae,sharks,Glyphis_fowlerae,Freshwater,live-bearing,,,,,benthic,100Glyphis_gangeticus,sharks,Glyphis_gangeticus,Freshwater,live-bearing,,,,,benthic,100Glyphis_garricki,sharks,Glyphis_garricki,Freshwater,live-bearing,,,,,benthic,100Glyphis_glyphis,sharks,Glyphis_glyphis,Freshwater,live-bearing,135614700.8,3163331.312,64773257.84,26.95972302,benthic,100Lamiopsis_temminckii,sharks,Lamiopsis_temminckii,Shelf,live-bearing,,,,,benthic,100Loxodon_macrorhinus,sharks,Loxodon_macrorhinus,Shelf,live-bearing,146547483.4,60698404.88,366236582,34.48409195,benthic,100Nasolamia_velox,sharks,Nasolamia_velox,Shelf,live-bearing,,,,,benthic,100Negaprion_acutidens,sharks,Negaprion_acutidens,Shelf,live-bearing,217833441.1,54715632.36,154537402.7,137.8522669,benthic,100Negaprion_brevirostris,sharks,Negaprion_brevirostris,Shelf,live-bearing,,,,,benthic,100Prionace_glauca,sharks,Prionace_glauca,Pelagic,live-bearing,,,,,benthic,100Rhizoprionodon_acutus,sharks,Rhizoprionodon_acutus,Shelf,live-bearing,,,,,benthic,100Rhizoprionodon_lalandii,sharks,Rhizoprionodon_lalandii,Shelf,live-bearing,,,,,benthic,100Rhizoprionodon_longurio,sharks,Rhizoprionodon_longurio,Shelf,live-bearing,,,,,benthic,100Rhizoprionodon_oligolinx,sharks,Rhizoprionodon_oligolinx,Shelf,live-bearing,,,,,benthic,100Rhizoprionodon_porosus,sharks,Rhizoprionodon_porosus,Shelf,live-bearing,,,,,benthic,100Rhizoprionodon_taylori,sharks,Rhizoprionodon_taylori,Shelf,live-bearing,1590080.524,2675152.711,9797740.638,112.0524001,benthic,100Rhizoprionodon_terraenovae,sharks,Rhizoprionodon_terraenovae,Shelf,live-bearing,,,,,benthic,100Scoliodon_laticaudus,sharks,Scoliodon_laticaudus,Shelf,live-bearing,,,,,benthic,100Scoliodon_macrorhynchos,sharks,Scoliodon_macrorhynchos,Shelf,live-bearing,,,,,benthic,100Triaenodon_obesus,sharks,Triaenodon_obesus,Shelf,live-bearing,3788904.204,624817.0693,14182998.31,15.46499181,benthic,100Chaenogaleus_macrostoma,sharks,Chaenogaleus_macrostoma,Shelf,live-bearing,,,,,benthic,100Hemigaleus_australiensis,sharks,Hemigaleus_australiensis,Shelf,live-bearing,44213416.66,3131860.548,22291283.7,11.15141844,benthic,100Hemigaleus_microstoma,sharks,Hemigaleus_microstoma,Shelf,live-bearing,,,,,benthic,100Hemipristis_elongata,sharks,Hemipristis_elongata,Shelf,live-bearing,,,,,benthic,100Paragaleus_pectoralis,sharks,Paragaleus_pectoralis,Shelf,live-bearing,,,,,benthic,100Proscyllium_habereri,sharks,Proscyllium_habereri,Shelf,egg-laying,,,,,benthic,100Gollum_attenuatus,sharks,Gollum_attenuatus,Deep,live-bearing,,,,,benthic,100Pseudotriakis_microdon,sharks,Pseudotriakis_microdon,Deep,live-bearing,,,,,benthic,100Apristurus_albisoma,sharks,Apristurus_albisoma,Deep,egg-laying,,,,,benthic,100Apristurus_ampliceps,sharks,Apristurus_ampliceps,Deep,egg-laying,,,,,benthic,100Apristurus_aphyodes,sharks,Apristurus_aphyodes,Deep,egg-laying,,,,,benthic,100Apristurus_australis,sharks,Apristurus_australis,Deep,egg-laying,,,,,benthic,100Apristurus_brunneus,sharks,Apristurus_brunneus,Deep,egg-laying,,,,,benthic,100Apristurus_exsanguis,sharks,Apristurus_exsanguis,Deep,egg-laying,,,,,benthic,100Apristurus_fedorovi,sharks,Apristurus_fedorovi,Deep,egg-laying,,,,,benthic,100Apristurus_japonicus,sharks,Apristurus_japonicus,Deep,egg-laying,,,,,benthic,100Apristurus_kampae,sharks,Apristurus_kampae,Deep,egg-laying,,,,,benthic,100Apristurus_laurussonii,sharks,Apristurus_laurussonii,Deep,egg-laying,,,,,benthic,100Apristurus_longicephalus,sharks,Apristurus_longicephalus,Deep,egg-laying,,,,,benthic,100Apristurus_macrorhynchus,sharks,Apristurus_macrorhynchus,Deep,egg-laying,,,,,benthic,100Apristurus_manis,sharks,Apristurus_manis,Deep,egg-laying,,,,,benthic,100Apristurus_melanoasper,sharks,Apristurus_melanoasper,Deep,egg-laying,,,,,benthic,100Apristurus_microps,sharks,Apristurus_microps,Deep,egg-laying,,,,,benthic,100Apristurus_pinguis,sharks,Apristurus_pinguis,Deep,egg-laying,,,,,benthic,100Apristurus_platyrhynchus,sharks,Apristurus_platyrhynchus,Deep,egg-laying,,,,,benthic,100Apristurus_profundorum,sharks,Apristurus_profundorum,Deep,egg-laying,,,,,benthic,100Apristurus_sinensis,sharks,Apristurus_sinensis,Deep,egg-laying,,,,,benthic,100Asymbolus_parvus,sharks,Asymbolus_parvus,Deep,egg-laying,,,,,benthic,100Asymbolus_rubiginosus,sharks,Asymbolus_rubiginosus,Deep,egg-laying,,,,,benthic,100Bythaelurus_canescens,sharks,Bythaelurus_canescens,Deep,live-bearing,,,,,benthic,100Bythaelurus_dawsoni,sharks,Bythaelurus_dawsoni,Shelf,live-bearing,,,,,benthic,100Figaro_boardmani,sharks,Figaro_boardmani,Deep,egg-laying,,,,,benthic,100Galeus_arae,sharks,Galeus_arae,Deep,egg-laying,,,,,benthic,100Galeus_atlanticus,sharks,Galeus_atlanticus,Deep,egg-laying,,,,,benthic,100Galeus_eastmani,sharks,Galeus_eastmani,Deep,egg-laying,,,,,benthic,100Galeus_melastomus,sharks,Galeus_melastomus,Deep,egg-laying,,,,,benthic,100Galeus_murinus,sharks,Galeus_murinus,Deep,egg-laying,,,,,benthic,100Galeus_polli,sharks,Galeus_polli,Deep,live-bearing,,,,,benthic,100Galeus_sauteri,sharks,Galeus_sauteri,Shelf,egg-laying,,,,,benthic,100Halaelurus_lineatus,sharks,Halaelurus_lineatus,Shelf,egg-laying,,,,,benthic,100Halaelurus_natalensis,sharks,Halaelurus_natalensis,Shelf,egg-laying,,,,,benthic,100Halaelurus_sellus,sharks,Halaelurus_sellus,Shelf,egg-laying,,,,,benthic,100Haploblepharus_edwardsii,sharks,Haploblepharus_edwardsii,Shelf,egg-laying,,,,,benthic,100Holohalaelurus_regani,sharks,Holohalaelurus_regani,Deep,egg-laying,,,,,benthic,100Parmaturus_xaniurus,sharks,Parmaturus_xaniurus,Deep,egg-laying,,,,,benthic,100Atelomycterus_baliensis,sharks,Atelomycterus_baliensis,Shelf,egg-laying,,,,,benthic,100Atelomycterus_fasciatus,sharks,Atelomycterus_fasciatus,Shelf,egg-laying,,,,,benthic,100Atelomycterus_marmoratus,sharks,Atelomycterus_marmoratus,Shelf,egg-laying,,,,,benthic,100Atelomycterus_marnkalha,sharks,Atelomycterus_marnkalha,Shelf,egg-laying,,,,,benthic,100Aulohalaelurus_labiosus,sharks,Aulohalaelurus_labiosus,Shelf,egg-laying,,,,,benthic,100Schroederichthys_bivius,sharks,Schroederichthys_bivius,Shelf,egg-laying,,,,,benthic,100Cephaloscyllium_albipinnum,sharks,Cephaloscyllium_albipinnum,Deep,egg-laying,,,,,benthic,100Cephaloscyllium_hiscosellum,sharks,Cephaloscyllium_hiscosellum,Deep,egg-laying,,,,,benthic,100Cephaloscyllium_laticeps,sharks,Cephaloscyllium_laticeps,Shelf,egg-laying,29202865.79,128191251,725865385.3,65.11373096,benthic,100Cephaloscyllium_silasi,sharks,Cephaloscyllium_silasi,Deep,egg-laying,,,,,benthic,100Cephaloscyllium_umbratile,sharks,Cephaloscyllium_umbratile,Shelf,egg-laying,,,,,benthic,100Cephaloscyllium_variegatum,sharks,Cephaloscyllium_variegatum,Deep,egg-laying,,,,,benthic,100Cephaloscyllium_ventriosum,sharks,Cephaloscyllium_ventriosum,Shelf,egg-laying,,,,,benthic,100Poroderma_africanum,sharks,Poroderma_africanum,Shelf,egg-laying,,,,,benthic,100Poroderma_pantherinum,sharks,Poroderma_pantherinum,Shelf,egg-laying,,,,,benthic,100Scyliorhinus_canicula,sharks,Scyliorhinus_canicula,Shelf,egg-laying,,,,,benthic,100Scyliorhinus_capensis,sharks,Scyliorhinus_capensis,Deep,egg-laying,,,,,benthic,100Scyliorhinus_retifer,sharks,Scyliorhinus_retifer,Deep,egg-laying,,,,,benthic,100Scyliorhinus_stellaris,sharks,Scyliorhinus_stellaris,Shelf,egg-laying,,,,,benthic,100Scyliorhinus_torazame,sharks,Scyliorhinus_torazame,Shelf,egg-laying,,,,,benthic,100Eusphyra_blochii,sharks,Eusphyra_blochii,Shelf,live-bearing,,,,,benthic,100Sphyrna_corona,sharks,Sphyrna_corona,Shelf,live-bearing,,,,,benthic,100Sphyrna_lewini,sharks,Sphyrna_lewini,Shelf,live-bearing,,,,,benthic,100Sphyrna_media,sharks,Sphyrna_media,Shelf,live-bearing,,,,,benthic,100Sphyrna_mokarran,sharks,Sphyrna_mokarran,Shelf,live-bearing,162984292,14842849.68,111645629.6,36.69675749,benthic,100Sphyrna_tiburo,sharks,Sphyrna_tiburo,Shelf,live-bearing,,,,,benthic,100Sphyrna_tudes,sharks,Sphyrna_tudes,Shelf,live-bearing,,,,,benthic,100Sphyrna_zygaena,sharks,Sphyrna_zygaena,Shelf,live-bearing,,,,,benthic,100Furgaleus_macki,sharks,Furgaleus_macki,Shelf,egg-laying,,,,,benthic,100Galeorhinus_galeus,sharks,Galeorhinus_galeus,Shelf,live-bearing,69979191.12,121397805.5,590862660,1796.316124,benthic,100Hemitriakis_complicofasciata,sharks,Hemitriakis_complicofasciata,Shelf,live-bearing,,,,,benthic,100Hemitriakis_falcata,sharks,Hemitriakis_falcata,Shelf,live-bearing,,,,,benthic,100Hemitriakis_japanica,sharks,Hemitriakis_japanica,Shelf,live-bearing,,,,,benthic,100Hemitriakis_leucoperiptera,sharks,Hemitriakis_leucoperiptera,Shelf,live-bearing,,,,,benthic,100Hypogaleus_hyugaensis,sharks,Hypogaleus_hyugaensis,Shelf,egg-laying,,,,,benthic,100Iago_garricki,sharks,Iago_garricki,Deep,live-bearing,,,,,benthic,100Iago_omanensis,sharks,Iago_omanensis,Deep,live-bearing,,,,,benthic,100Mustelus_antarcticus,sharks,Mustelus_antarcticus,Shelf,live-bearing,61401589.42,20330898.25,139152168,1757.366442,benthic,100Mustelus_asterias,sharks,Mustelus_asterias,Shelf,live-bearing,,,,,benthic,100Mustelus_californicus,sharks,Mustelus_californicus,Shelf,live-bearing,,,,,benthic,100Mustelus_canis,sharks,Mustelus_canis,Shelf,live-bearing,,,,,benthic,100Mustelus_henlei,sharks,Mustelus_henlei,Shelf,live-bearing,,,,,benthic,100Mustelus_lenticulatus,sharks,Mustelus_lenticulatus,Shelf,live-bearing,,,,,benthic,100Mustelus_lunulatus,sharks,Mustelus_lunulatus,Shelf,live-bearing,,,,,benthic,100Mustelus_manazo,sharks,Mustelus_manazo,Shelf,live-bearing,,,,,benthic,100Mustelus_mosis,sharks,Mustelus_mosis,Shelf,live-bearing,,,,,benthic,100Mustelus_mustelus,sharks,Mustelus_mustelus,Shelf,live-bearing,,,,,benthic,100Mustelus_norrisi,sharks,Mustelus_norrisi,Shelf,live-bearing,,,,,benthic,100Mustelus_palumbes,sharks,Mustelus_palumbes,Shelf,live-bearing,,,,,benthic,100Mustelus_punctulatus,sharks,Mustelus_punctulatus,Shelf,live-bearing,,,,,benthic,100Mustelus_ravidus,sharks,Mustelus_ravidus,Deep,live-bearing,,,,,benthic,100Mustelus_schmitti,sharks,Mustelus_schmitti,Shelf,live-bearing,,,,,benthic,100Mustelus_sinusmexicanus,sharks,Mustelus_sinusmexicanus,Shelf,live-bearing,,,,,benthic,100Mustelus_stevensi,sharks,Mustelus_stevensi,Deep,live-bearing,,,,,benthic,100Mustelus_widodoi,sharks,Mustelus_widodoi,Shelf,live-bearing,,,,,benthic,100Scylliogaleus_quecketti,sharks,Scylliogaleus_quecketti,Shelf,live-bearing,,,,,benthic,100Triakis_megalopterus,sharks,Triakis_megalopterus,Shelf,live-bearing,,,,,benthic,100Triakis_scyllium,sharks,Triakis_scyllium,Shelf,live-bearing,,,,,benthic,100Triakis_semifasciata,sharks,Triakis_semifasciata,Shelf,live-bearing,,,,,benthic,100Heterodontus_francisci,sharks,Heterodontus_francisci,Shelf,egg-laying,,,,,benthic,100Heterodontus_galeatus,sharks,Heterodontus_galeatus,Shelf,egg-laying,,,,,benthic,100Heterodontus_mexicanus,sharks,Heterodontus_mexicanus,Shelf,egg-laying,,,,,benthic,100Heterodontus_portusjacksoni,sharks,Heterodontus_portusjacksoni,Shelf,egg-laying,999766892.1,396249542.4,1816752767,628.850323,benthic,100Heterodontus_zebra,sharks,Heterodontus_zebra,Shelf,egg-laying,,,,,benthic,100Alopias_pelagicus,sharks,Alopias_pelagicus,Pelagic,live-bearing,,,,,benthic,100Alopias_superciliosus,sharks,Alopias_superciliosus,Pelagic,live-bearing,,,,,benthic,100Alopias_vulpinus,sharks,Alopias_vulpinus,Pelagic,live-bearing,,,,,benthic,100Cetorhinus_maximus,sharks,Cetorhinus_maximus,Pelagic,live-bearing,,,,,benthic,100Carcharodon_carcharias,sharks,Carcharodon_carcharias,Shelf,live-bearing,25140090322,9178660874,40259974883,2590.412351,benthic,100Isurus_oxyrinchus,sharks,Isurus_oxyrinchus,Pelagic,live-bearing,,,,,benthic,100Isurus_paucus,sharks,Isurus_paucus,Pelagic,live-bearing,,,,,benthic,100Lamna_ditropis,sharks,Lamna_ditropis,Pelagic,live-bearing,,,,,benthic,100Lamna_nasus,sharks,Lamna_nasus,Pelagic,live-bearing,,,,,benthic,100Megachasma_pelagios,sharks,Megachasma_pelagios,Pelagic,live-bearing,,,,,benthic,100Mitsukurina_owstoni,sharks,Mitsukurina_owstoni,Deep,live-bearing,,,,,benthic,100Carcharias_taurus,sharks,Carcharias_taurus,Shelf,live-bearing,,,,,benthic,100Odontaspis_noronhai,sharks,Odontaspis_noronhai,Deep,live-bearing,,,,,benthic,100Pseudocarcharias_kamoharai,sharks,Pseudocarcharias_kamoharai,Pelagic,live-bearing,,,,,benthic,100Brachaelurus_colcloughi,sharks,Brachaelurus_colcloughi,Shelf,live-bearing,,,,,benthic,100Brachaelurus_waddi,sharks,Brachaelurus_waddi,Shelf,live-bearing,,,,13.97779422,benthic,100Ginglymostoma_cirratum,sharks,Ginglymostoma_cirratum,Shelf,live-bearing,,,,,benthic,100Nebrius_ferrugineus,sharks,Nebrius_ferrugineus,Shelf,live-bearing,,,,,benthic,100Pseudoginglymostoma_brevicaudatum,sharks,Pseudoginglymostoma_brevicaudatum,Shelf,egg-laying,,,,,benthic,100Chiloscyllium_griseum,sharks,Chiloscyllium_griseum,Shelf,egg-laying,,,,,benthic,100Chiloscyllium_hasseltii,sharks,Chiloscyllium_hasseltii,Shelf,egg-laying,,,,,benthic,100Chiloscyllium_indicum,sharks,Chiloscyllium_indicum,Shelf,egg-laying,,,,,benthic,100Chiloscyllium_plagiosum,sharks,Chiloscyllium_plagiosum,Shelf,egg-laying,,,,,benthic,100Chiloscyllium_punctatum,sharks,Chiloscyllium_punctatum,Shelf,egg-laying,,,,,benthic,100Hemiscyllium_ocellatum,sharks,Hemiscyllium_ocellatum,Shelf,egg-laying,,,,,benthic,100Eucrossorhinus_dasypogon,sharks,Eucrossorhinus_dasypogon,Shelf,live-bearing,,,,,benthic,100Orectolobus_floridus,sharks,Orectolobus_floridus,Shelf,live-bearing,,,,,benthic,100Orectolobus_hutchinsi,sharks,Orectolobus_hutchinsi,Shelf,live-bearing,,,,,benthic,100Orectolobus_japonicus,sharks,Orectolobus_japonicus,Shelf,live-bearing,,,,,benthic,100Orectolobus_maculatus,sharks,Orectolobus_maculatus,Shelf,live-bearing,11757152.99,525386.7916,3423312.911,214.4578361,benthic,100Orectolobus_ornatus,sharks,Orectolobus_ornatus,Shelf,live-bearing,,,,,benthic,100Orectolobus_parvimaculatus,sharks,Orectolobus_parvimaculatus,Shelf,live-bearing,,,,,benthic,100Sutorectus_tentaculatus,sharks,Sutorectus_tentaculatus,Shelf,live-bearing,,,,,benthic,100Parascyllium_collare,sharks,Parascyllium_collare,Shelf,egg-laying,,,,,benthic,100Rhincodon_typus,sharks,Rhincodon_typus,Pelagic,live-bearing,724002687.5,409462679.4,2219242198,138.6057135,benthic,100Stegostoma_fasciatum,sharks,Stegostoma_fasciatum,Shelf,egg-laying,1260406807,408058872.2,3215782060,1282.39178,benthic,100Chlamydoselachus_anguineus,sharks,Chlamydoselachus_anguineus,Deep,live-bearing,,,,,benthic,100Heptranchias_perlo,sharks,Heptranchias_perlo,Deep,live-bearing,,,,,benthic,100Hexanchus_griseus,sharks,Hexanchus_griseus,Deep,live-bearing,,,,,benthic,100Notorynchus_cepedianus,sharks,Notorynchus_cepedianus,Shelf,live-bearing,95401389.61,27053205.31,192902062.8,1298.7536,benthic,100Pliotrema_warreni,sharks,Pliotrema_warreni,Deep,live-bearing,,,,,benthic,100Pristiophorus_cirratus,sharks,Pristiophorus_cirratus,Shelf,live-bearing,,,,,benthic,100Pristiophorus_japonicus,sharks,Pristiophorus_japonicus,Deep,live-bearing,,,,,benthic,100Pristiophorus_nudipinnis,sharks,Pristiophorus_nudipinnis,Shelf,live-bearing,,,,,benthic,100Centrophorus_atromarginatus,sharks,Centrophorus_atromarginatus,Deep,live-bearing,,,,,benthic,100Centrophorus_granulosus,sharks,Centrophorus_granulosus,Deep,live-bearing,,,,,benthic,100Centrophorus_harrissoni,sharks,Centrophorus_harrissoni,Deep,live-bearing,,,,,benthic,100Centrophorus_isodon,sharks,Centrophorus_isodon,Deep,live-bearing,,,,,benthic,100Centrophorus_moluccensis,sharks,Centrophorus_moluccensis,Deep,live-bearing,,,,,benthic,100Centrophorus_squamosus,sharks,Centrophorus_squamosus,Deep,live-bearing,,,,,benthic,100Centrophorus_zeehaani,sharks,Centrophorus_zeehaani,Deep,live-bearing,,,,,benthic,100Deania_calcea,sharks,Deania_calcea,Deep,live-bearing,,,,,benthic,100Deania_hystricosa,sharks,Deania_hystricosa,Deep,live-bearing,,,,,benthic,100Deania_profundorum,sharks,Deania_profundorum,Deep,live-bearing,,,,,benthic,100Deania_quadrispinosa,sharks,Deania_quadrispinosa,Deep,live-bearing,,,,,benthic,100Dalatias_licha,sharks,Dalatias_licha,Deep,live-bearing,,,,,benthic,100Euprotomicrus_bispinatus,sharks,Euprotomicrus_bispinatus,Pelagic,live-bearing,,,,,benthic,100Isistius_brasiliensis,sharks,Isistius_brasiliensis,Pelagic,live-bearing,,,,,benthic,100Squaliolus_aliae,sharks,Squaliolus_aliae,Deep,live-bearing,,,,,benthic,100Squaliolus_laticaudus,sharks,Squaliolus_laticaudus,Deep,live-bearing,,,,,benthic,100Echinorhinus_brucus,sharks,Echinorhinus_brucus,Deep,live-bearing,,,,,benthic,100Echinorhinus_cookei,sharks,Echinorhinus_cookei,Deep,live-bearing,,,,,benthic,100Aculeola_nigra,sharks,Aculeola_nigra,Deep,live-bearing,,,,,benthic,100Centroscyllium_fabricii,sharks,Centroscyllium_fabricii,Deep,live-bearing,,,,,benthic,100Centroscyllium_granulatum,sharks,Centroscyllium_granulatum,Deep,live-bearing,,,,,benthic,100Centroscyllium_nigrum,sharks,Centroscyllium_nigrum,Deep,live-bearing,,,,,benthic,100Centroscyllium_ritteri,sharks,Centroscyllium_ritteri,Deep,live-bearing,,,,,benthic,100Etmopterus_bigelowi,sharks,Etmopterus_bigelowi,Deep,live-bearing,,,,,benthic,100Etmopterus_brachyurus,sharks,Etmopterus_brachyurus,Deep,live-bearing,,,,,benthic,100Etmopterus_dianthus,sharks,Etmopterus_dianthus,Deep,live-bearing,,,,,benthic,100Etmopterus_dislineatus,sharks,Etmopterus_dislineatus,Deep,live-bearing,,,,,benthic,100Etmopterus_fusus,sharks,Etmopterus_fusus,Deep,live-bearing,,,,,benthic,100Etmopterus_gracilispinis,sharks,Etmopterus_gracilispinis,Deep,live-bearing,,,,,benthic,100Etmopterus_granulosus,sharks,Etmopterus_granulosus,Deep,live-bearing,,,,,benthic,100Etmopterus_lucifer,sharks,Etmopterus_lucifer,Deep,live-bearing,,,,,benthic,100Etmopterus_molleri,sharks,Etmopterus_molleri,Deep,live-bearing,,,,,benthic,100Etmopterus_polli,sharks,Etmopterus_polli,Deep,live-bearing,,,,,benthic,100Etmopterus_princeps,sharks,Etmopterus_princeps,Deep,live-bearing,,,,,benthic,100Etmopterus_pseudosqualiolus,sharks,Etmopterus_pseudosqualiolus,Deep,live-bearing,,,,,benthic,100Etmopterus_pusillus,sharks,Etmopterus_pusillus,Deep,live-bearing,,,,,benthic,100Etmopterus_schultzi,sharks,Etmopterus_schultzi,Deep,live-bearing,,,,,benthic,100Etmopterus_sentosus,sharks,Etmopterus_sentosus,Deep,live-bearing,,,,,benthic,100Etmopterus_sheikoi,sharks,Etmopterus_sheikoi,Deep,live-bearing,,,,,benthic,100Etmopterus_spinax,sharks,Etmopterus_spinax,Deep,live-bearing,,,,,benthic,100Etmopterus_splendidus,sharks,Etmopterus_splendidus,Deep,live-bearing,,,,,benthic,100Etmopterus_unicolor,sharks,Etmopterus_unicolor,Deep,live-bearing,,,,,benthic,100Etmopterus_virens,sharks,Etmopterus_virens,Deep,live-bearing,,,,,benthic,100Trigonognathus_kabeyai,sharks,Trigonognathus_kabeyai,Deep,live-bearing,,,,,benthic,100Oxynotus_bruniensis,sharks,Oxynotus_bruniensis,Deep,live-bearing,,,,,benthic,100Oxynotus_centrina,sharks,Oxynotus_centrina,Deep,live-bearing,,,,,benthic,100Oxynotus_paradoxus,sharks,Oxynotus_paradoxus,Deep,live-bearing,,,,,benthic,100Centroscymnus_coelolepis,sharks,Centroscymnus_coelolepis,Deep,live-bearing,,,,,benthic,100Centroscymnus_owstonii,sharks,Centroscymnus_owstonii,Deep,live-bearing,,,,,benthic,100Centroselachus_crepidater,sharks,Centroselachus_crepidater,Deep,live-bearing,,,,,benthic,100Proscymnodon_plunketi,sharks,Proscymnodon_plunketi,Deep,live-bearing,,,,,benthic,100Scymnodon_ringens,sharks,Scymnodon_ringens,Deep,live-bearing,,,,,benthic,100Somniosus_antarcticus,sharks,Somniosus_antarcticus,Deep,live-bearing,,,,,benthic,100Somniosus_microcephalus,sharks,Somniosus_microcephalus,Deep,live-bearing,,,,,benthic,100Somniosus_pacificus,sharks,Somniosus_pacificus,Deep,live-bearing,,,,,benthic,100Somniosus_rostratus,sharks,Somniosus_rostratus,Deep,live-bearing,,,,,benthic,100Zameus_squamulosus,sharks,Zameus_squamulosus,Deep,live-bearing,,,,,benthic,100Cirrhigaleus_asper,sharks,Cirrhigaleus_asper,Deep,live-bearing,,,,,benthic,100Cirrhigaleus_australis,sharks,Cirrhigaleus_australis,Deep,live-bearing,,,,,benthic,100Cirrhigaleus_barbifer,sharks,Cirrhigaleus_barbifer,Deep,live-bearing,,,,,benthic,100Squalus_acanthias,sharks,Squalus_acanthias,Shelf,live-bearing,,,,29.59877928,benthic,100Squalus_brevirostris,sharks,Squalus_brevirostris,Shelf,live-bearing,,,,,benthic,100Squalus_chloroculus,sharks,Squalus_chloroculus,Deep,live-bearing,,,,,benthic,100Squalus_crassispinus,sharks,Squalus_crassispinus,Deep,live-bearing,,,,,benthic,100Squalus_cubensis,sharks,Squalus_cubensis,Deep,live-bearing,,,,,benthic,100Squalus_edmundsi,sharks,Squalus_edmundsi,Deep,live-bearing,,,,,benthic,100Squalus_grahami,sharks,Squalus_grahami,Deep,live-bearing,,,,,benthic,100Squalus_hemipinnis,sharks,Squalus_hemipinnis,Shelf,live-bearing,,,,,benthic,100Squalus_japonicus,sharks,Squalus_japonicus,Deep,live-bearing,,,,,benthic,100Squalus_megalops,sharks,Squalus_megalops,Deep,live-bearing,,,,,benthic,100Squalus_mitsukurii,sharks,Squalus_mitsukurii,Deep,live-bearing,,,,,benthic,100Squalus_montalbani,sharks,Squalus_montalbani,Deep,live-bearing,,,,,benthic,100Squalus_nasutus,sharks,Squalus_nasutus,Deep,live-bearing,,,,,benthic,100Squalus_suckleyi,sharks,Squalus_suckleyi,Shelf,live-bearing,,,,,benthic,100Squatina_aculeata,sharks,Squatina_aculeata,Deep,live-bearing,,,,,benthic,100Squatina_africana,sharks,Squatina_africana,Deep,live-bearing,,,,,benthic,100Squatina_albipunctata,sharks,Squatina_albipunctata,Deep,live-bearing,,,,,benthic,100Squatina_armata,sharks,Squatina_armata,Shelf,live-bearing,,,,,benthic,100Squatina_australis,sharks,Squatina_australis,Shelf,live-bearing,,,,,benthic,100Squatina_californica,sharks,Squatina_californica,Shelf,live-bearing,,,,,benthic,100Squatina_dumeril,sharks,Squatina_dumeril,Deep,live-bearing,,,,,benthic,100Squatina_formosa,sharks,Squatina_formosa,Shelf,live-bearing,,,,,benthic,100Squatina_guggenheim,sharks,Squatina_guggenheim,Shelf,live-bearing,,,,,benthic,100Squatina_japonica,sharks,Squatina_japonica,Shelf,live-bearing,,,,,benthic,100Squatina_legnota,sharks,Squatina_legnota,Deep,live-bearing,,,,,benthic,100Squatina_nebulosa,sharks,Squatina_nebulosa,Deep,live-bearing,,,,,benthic,100Squatina_occulta,sharks,Squatina_occulta,Shelf,live-bearing,,,,,benthic,100Squatina_pseudocellata,sharks,Squatina_pseudocellata,Deep,live-bearing,,,,,benthic,100Squatina_squatina,sharks,Squatina_squatina,Shelf,live-bearing,,,,,benthic,100Squatina_tergocellata,sharks,Squatina_tergocellata,Deep,live-bearing,,,,,benthic,100Squatina_tergocellatoides,sharks,Squatina_tergocellatoides,Shelf,live-bearing,,,,,benthic,100