Aetobatus_flagellum,Aetobatus_flagellumAetobatus_narinari,Aetobatus_narinariDasyatis_acutirostra,Telatrygon_acutirostraDasyatis_akajei,Hemitrygon_akajeiDasyatis_americana,Hypanus_americanusDasyatis_bennetti,Hemitrygon_bennettiDasyatis_brevicaudata,Bathytoshia_brevicaudataDasyatis_centroura,Bathytoshia_centrouraDasyatis_chrysonota,Dasyatis_chrysonotaDasyatis_colarensis,Fontitrygon_colarensisDasyatis_dipterura,Hypanus_dipterurusDasyatis_fluviorum,Hemitrygon_fluviorumDasyatis_garouaensis,Fontitrygon_garouaensisDasyatis_geijskesi,Fontitrygon_geijskesiDasyatis_gigantea,Dasyatis_giganteaDasyatis_guttata,Hypanus_guttatusDasyatis_hastata,Dasyatis_hastataDasyatis_hypostigma,Dasyatis_hypostigmaDasyatis_izuensis,Hemitrygon_izuensisDasyatis_laevigata,Hemitrygon_laevigataDasyatis_laosensis,Hemitrygon_laosensisDasyatis_lata,Bathytoshia_lataDasyatis_longa,Hypanus_longusDasyatis_margarita,Fontitrygon_margaritaDasyatis_margaritella,Fontitrygon_margaritellaDasyatis_marianae,Hypanus_marianaeDasyatis_marmorata,Dasyatis_marmorataDasyatis_matsubarai,Dasyatis_matsubaraiDasyatis_microps,Megatrygon_micropsDasyatis_multispinosa,Dasyatis_multispinosaDasyatis_navarrae,Hemitrygon_navarraeDasyatis_parvonigra,Hemitrygon_parvonigraDasyatis_pastinaca,Dasyatis_pastinacaDasyatis_rudis,Hypanus_rudisDasyatis_sabina,Hypanus_sabinusDasyatis_say,Hypanus_sayDasyatis_sinensis,Hemitrygon_sinensisDasyatis_thetidis,Dasyatis_thetidisDasyatis_tortonesei,Dasyatis_tortoneseiDasyatis_ushiei,Dasyatis_ushieiDasyatis_zugei,Telatrygon_zugeiHimantura_astra,Maculabatis_astraHimantura_dalyensis,Urogymnus_dalyensisHimantura_fai,Pateobatis_faiHimantura_gerrardi,Maculabatis_gerrardiHimantura_granulata,Urogymnus_granulatusHimantura_hortlei,Pateobatis_hortleiHimantura_imbricata,Brevitrygon_imbricataHimantura_jenkinsii,Pateobatis_jenkinsiiHimantura_kittipongi,Fluvitrygon_kittipongiHimantura_leoparda,Himantura_leopardaHimantura_lobistoma,Urogymnus_lobistomaHimantura_marginata,Himantura_marginataHimantura_oxyrhyncha,Fluvitrygon_oxyrhynchusHimantura_pastinacoides,Maculabatis_pastinacoidesHimantura_polylepis,Urogymnus_polylepisHimantura_randalli,Maculabatis_randalliHimantura_signifer,Fluvitrygon_signiferHimantura_toshi,Maculabatis_toshiHimantura_uarnacoides,Pateobatis_uarnacoidesHimantura_uarnak,Himantura_uarnakHimantura_undulata,Himantura_undulataHimantura_walga,Brevitrygon_walgaMakararaja_chindwinensis,Makararaja_chindwinensisNeotrygon_annotata,Neotrygon_annotataNeotrygon_kuhlii,Neotrygon_kuhliiNeotrygon_leylandi,Neotrygon_leylandiNeotrygon_ningalooensis,Neotrygon_ningalooensisNeotrygon_picta,Neotrygon_pictaPastinachus_atrus,Pastinachus_aterPastinachus_gracilicaudus,Pastinachus_gracilicaudusPastinachus_sephen,Pastinachus_sephenPastinachus_solocirostris,Pastinachus_solocirostrisPastinachus_stellurostris,Pastinachus_stellurostrisPteroplatytrygon_violacea,Pteroplatytrygon_violaceaTaeniura_lymma,Taeniura_lymmaTaeniurops_grabata,Taeniurops_grabatusTaeniurops_meyeni,Taeniurops_meyeniUrogymnus_asperrimus,Urogymnus_asperrimusUrogymnus_ukpam,Fontitrygon_ukpamGymnura_afuerae,Gymnura_afueraeGymnura_altavela,Gymnura_altavelaGymnura_australis,Gymnura_australisGymnura_bimaculata,Gymnura_bimaculataGymnura_crebripunctata,Gymnura_crebripunctataGymnura_crooki,Gymnura_crookiGymnura_hirundo,Gymnura_hirundoGymnura_japonica,Gymnura_japonicaGymnura_marmorata,Gymnura_marmorataGymnura_micrura,Gymnura_micruraGymnura_natalensis,Gymnura_natalensisGymnura_poecilura,Gymnura_poeciluraGymnura_tentaculata,Gymnura_tentaculataGymnura_zonura,Gymnura_zonuraHexatrygon_bickelli,Hexatrygon_bickelliManta_alfredi,Mobula_alfrediManta_birostris,Mobula_birostrisMobula_diabolus,Mobula_diabolusMobula_eregoodootenkee,Mobula_eregoodootenkeeMobula_hypostoma,Mobula_hypostomaMobula_japanica,Mobula_japanicaMobula_kuhlii,Mobula_kuhliiMobula_mobular,Mobula_mobularMobula_munkiana,Mobula_munkianaMobula_rochebrunei,Mobula_rochebruneiMobula_tarapacana,Mobula_tarapacanaMobula_thurstoni,Mobula_thurstoniAetomylaeus_maculatus,Aetomylaeus_maculatusAetomylaeus_nichofii,Aetomylaeus_nichofiiAetomylaeus_vespertilio,Aetomylaeus_vespertilioMyliobatis_aquila,Myliobatis_aquilaMyliobatis_australis,Myliobatis_australisMyliobatis_californicus,Myliobatis_californicusMyliobatis_chilensis,Myliobatis_chilensisMyliobatis_freminvillei,Myliobatis_freminvilleiMyliobatis_goodei,Myliobatis_goodeiMyliobatis_hamlyni,Myliobatis_hamlyniMyliobatis_longirostris,Myliobatis_longirostrisMyliobatis_peruvianus,Myliobatis_peruvianusMyliobatis_rhombus,Myliobatis_rhombusMyliobatis_ridens,Myliobatis_ridensMyliobatis_tenuicaudatus,Myliobatis_tenuicaudatusMyliobatis_tobijei,Myliobatis_tobijeiPteromylaeus_asperrimus,Aetomylaeus_asperrimusPteromylaeus_bovinus,Aetomylaeus_bovinusPlesiobatis_daviesi,Plesiobatis_daviesiHeliotrygon_gomesi,Heliotrygon_gomesiHeliotrygon_rosai,Heliotrygon_rosaiHimantura_pacifica,Styracura_pacificaHimantura_schmardae,Styracura_schmardaeParatrygon_aiereba,Paratrygon_aierebaPlesiotrygon_iwamae,Plesiotrygon_iwamaePlesiotrygon_nana,Plesiotrygon_nanaPotamotrygon_boesemani,Potamotrygon_boesemaniPotamotrygon_brachyura,Potamotrygon_brachyuraPotamotrygon_castexi,Potamotrygon_castexiPotamotrygon_constellata,Potamotrygon_constellataPotamotrygon_dumerilii,Potamotrygon_dumeriliiPotamotrygon_falkneri,Potamotrygon_falkneriPotamotrygon_henlei,Potamotrygon_henleiPotamotrygon_histrix,Potamotrygon_histrixPotamotrygon_humerosa,Potamotrygon_humerosaPotamotrygon_leopoldi,Potamotrygon_leopoldiPotamotrygon_magdalenae,Potamotrygon_magdalenaePotamotrygon_marinae,Potamotrygon_marinaePotamotrygon_motoro,Potamotrygon_motoroPotamotrygon_ocellata,Potamotrygon_ocellataPotamotrygon_orbignyi,Potamotrygon_orbignyiPotamotrygon_schroederi,Potamotrygon_schroederiPotamotrygon_schuhmacheri,Potamotrygon_schuhmacheriPotamotrygon_scobina,Potamotrygon_scobinaPotamotrygon_signata,Potamotrygon_signataPotamotrygon_tatianae,Potamotrygon_tatianaePotamotrygon_tigrina,Potamotrygon_tigrinaPotamotrygon_yepezi,Potamotrygon_yepeziRhinoptera_adspersa,Rhinoptera_adspersaRhinoptera_bonasus,Rhinoptera_bonasusRhinoptera_brasiliensis,Rhinoptera_brasiliensisRhinoptera_hainanensis,Rhinoptera_hainanensisRhinoptera_javanica,Rhinoptera_javanicaRhinoptera_jayakari,Rhinoptera_jayakariRhinoptera_marginata,Rhinoptera_marginataRhinoptera_neglecta,Rhinoptera_neglectaRhinoptera_peli,Rhinoptera_peliRhinoptera_sewelli,Rhinoptera_sewelliRhinoptera_steindachneri,Rhinoptera_steindachneriTrygonoptera_galba,Trygonoptera_galbaTrygonoptera_imitata,Trygonoptera_imitataTrygonoptera_mucosa,Trygonoptera_mucosaTrygonoptera_ovalis,Trygonoptera_ovalisTrygonoptera_personata,Trygonoptera_personataTrygonoptera_testacea,Trygonoptera_testaceaUrolophus_armatus,Spinilophus_armatusUrolophus_aurantiacus,Urolophus_aurantiacusUrolophus_bucculentus,Urolophus_bucculentusUrolophus_circularis,Urolophus_circularisUrolophus_cruciatus,Urolophus_cruciatusUrolophus_deforgesi,Urolophus_deforgesiUrolophus_expansus,Urolophus_expansusUrolophus_flavomosaicus,Urolophus_flavomosaicusUrolophus_gigas,Urolophus_gigasUrolophus_javanicus,Urolophus_javanicusUrolophus_kaianus,Urolophus_kaianusUrolophus_kapalensis,Urolophus_kapalensisUrolophus_lobatus,Urolophus_lobatusUrolophus_mitosis,Urolophus_mitosisUrolophus_neocaledoniensis,Urolophus_neocaledoniensisUrolophus_orarius,Urolophus_orariusUrolophus_papilio,Urolophus_papilioUrolophus_paucimaculatus,Urolophus_paucimaculatusUrolophus_piperatus,Urolophus_piperatusUrolophus_sufflavus,Urolophus_sufflavusUrolophus_viridis,Urolophus_viridisUrolophus_westraliensis,Urolophus_westraliensisUrobatis_concentricus,Urobatis_concentricusUrobatis_halleri,Urobatis_halleriUrobatis_jamaicensis,Urobatis_jamaicensisUrobatis_maculatus,Urobatis_maculatusUrobatis_marmoratus,Urobatis_marmoratusUrobatis_tumbesensis,Urobatis_tumbesensisUrotrygon_aspidura,Urotrygon_aspiduraUrotrygon_caudispinosus,Urotrygon_caudispinosusUrotrygon_chilensis,Urotrygon_chilensisUrotrygon_cimar,Urotrygon_cimarUrotrygon_microphthalmum,Urotrygon_microphthalmumUrotrygon_munda,Urotrygon_mundaUrotrygon_nana,Urotrygon_nanaUrotrygon_peruanus,Urotrygon_peruanusUrotrygon_reticulata,Urotrygon_reticulataUrotrygon_rogersi,Urotrygon_rogersiUrotrygon_serrula,Urotrygon_serrulaUrotrygon_simulatrix,Urotrygon_simulatrixUrotrygon_venezuelae,Urotrygon_venezuelaeAnacanthobatis_americanus,Schroederobatis_americanaAnacanthobatis_donghaiensis,Anacanthobatis_donghaiensisAnacanthobatis_folirostris,Springeria_folirostrisAnacanthobatis_longirostris,Springeria_longirostrisAnacanthobatis_marmoratus,Anacanthobatis_marmorataAnacanthobatis_nanhaiensis,Anacanthobatis_nanhaiensisAnacanthobatis_ori,Indobatis_oriAnacanthobatis_stenosoma,Sinobatis_stenosomaSinobatis_borneensis,Sinobatis_borneensisSinobatis_bulbicauda,Sinobatis_bulbicaudaSinobatis_caerulea,Sinobatis_caeruleaSinobatis_filicauda,Sinobatis_filicaudaSinobatis_melanosoma,Sinobatis_melanosomaArhynchobatis_asperrimus,Arhynchobatis_asperrimusAtlantoraja_castelnaui,Atlantoraja_castelnauiAtlantoraja_cyclophora,Atlantoraja_cyclophoraAtlantoraja_platana,Atlantoraja_platanaBathyraja_abyssicola,Bathyraja_abyssicolaBathyraja_aguja,Bathyraja_agujaBathyraja_aleutica,Bathyraja_aleuticaBathyraja_andriashevi,Bathyraja_andriasheviBathyraja_bergi,Bathyraja_bergiBathyraja_brachyurops,Bathyraja_brachyuropsBathyraja_cousseauae,Bathyraja_cousseauaeBathyraja_diplotaenia,Bathyraja_diplotaeniaBathyraja_eatonii,Bathyraja_eatoniiBathyraja_fedorovi,Bathyraja_fedoroviBathyraja_griseocauda,Bathyraja_griseocaudaBathyraja_hesperafricana,Bathyraja_hesperafricanaBathyraja_irrasa,Bathyraja_irrasaBathyraja_ishiharai,Bathyraja_ishiharaiBathyraja_isotrachys,Bathyraja_isotrachysBathyraja_kincaidii,Bathyraja_kincaidiiBathyraja_leucomelanos,Bathyraja_leucomelanosBathyraja_lindbergi,Bathyraja_lindbergiBathyraja_longicauda,Bathyraja_longicaudaBathyraja_maccaini,Bathyraja_maccainiBathyraja_maculata,Bathyraja_maculataBathyraja_mariposa,Bathyraja_mariposaBathyraja_matsubarai,Bathyraja_matsubaraiBathyraja_meridionalis,Bathyraja_meridionalisBathyraja_microtrachys,Bathyraja_microtrachysBathyraja_minispinosa,Bathyraja_minispinosaBathyraja_notoroensis,Bathyraja_notoroensisBathyraja_pallida,Bathyraja_pallidaBathyraja_panthera,Bathyraja_pantheraBathyraja_papilionifera,Bathyraja_papilioniferaBathyraja_parmifera,Bathyraja_parmiferaBathyraja_peruana,Bathyraja_peruanaBathyraja_richardsoni,Bathyraja_richardsoniBathyraja_scaphiops,Bathyraja_scaphiopsBathyraja_schroederi,Bathyraja_schroederiBathyraja_shuntovi,Bathyraja_shuntoviBathyraja_simoterus,Bathyraja_simoterusBathyraja_smirnovi,Bathyraja_smirnoviBathyraja_smithii,Bathyraja_smithiiBathyraja_spinicauda,Bathyraja_spinicaudaBathyraja_spinosissima,Bathyraja_spinosissimaBathyraja_trachouros,Bathyraja_trachourosBathyraja_trachura,Bathyraja_trachuraBathyraja_tunae,Bathyraja_tunaeBathyraja_tzinovskii,Bathyraja_tzinovskiiBathyraja_violacea,Bathyraja_violaceaBrochiraja_aenigma,Brochiraja_aenigmaBrochiraja_albilabiata,Brochiraja_albilabiataBrochiraja_asperula,Brochiraja_asperulaBrochiraja_heuresa,Brochiraja_heuresaBrochiraja_leviveneta,Brochiraja_levivenetaBrochiraja_microspinifera,Brochiraja_microspiniferaBrochiraja_spinifera,Brochiraja_spiniferaBrochiraja_vittacauda,Brochiraja_vittacaudaInsentiraja_laxipella,Insentiraja_laxipellaInsentiraja_subtilispinosa,Insentiraja_subtilispinosaIrolita_waitii,Irolita_waitiiIrolita_westraliensis,Irolita_westraliensisNotoraja_alisae,Notoraja_alisaeNotoraja_azurea,Notoraja_azureaNotoraja_fijiensis,Notoraja_fijiensisNotoraja_hirticauda,Notoraja_hirticaudaNotoraja_inusitata,Notoraja_inusitataNotoraja_lira,Notoraja_liraNotoraja_longiventralis,Notoraja_longiventralisNotoraja_ochroderma,Notoraja_ochrodermaNotoraja_sapphira,Notoraja_sapphiraNotoraja_sticta,Notoraja_stictaNotoraja_tobitukai,Notoraja_tobitukaiPavoraja_alleni,Pavoraja_alleniPavoraja_arenaria,Pavoraja_arenariaPavoraja_mosaica,Pavoraja_mosaicaPavoraja_nitida,Pavoraja_nitidaPavoraja_pseudonitida,Pavoraja_pseudonitidaPavoraja_umbrosa,Pavoraja_umbrosaPsammobatis_bergi,Psammobatis_bergiPsammobatis_extenta,Psammobatis_extentaPsammobatis_lentiginosa,Psammobatis_lentiginosaPsammobatis_normani,Psammobatis_normaniPsammobatis_parvacauda,Psammobatis_parvacaudaPsammobatis_rudis,Psammobatis_rudisPsammobatis_rutrum,Psammobatis_rutrumPsammobatis_scobina,Psammobatis_scobinaPseudoraja_fischeri,Pseudoraja_fischeriRhinoraja_albomaculata,Bathyraja_albomaculataRhinoraja_kujiensis,Rhinoraja_kujiensisRhinoraja_longicauda,Rhinoraja_longicaudaRhinoraja_macloviana,Batyraja_maclovianaRhinoraja_magellanica,Bathyraja_magellincaRhinoraja_multispinis,Bathyraja_multispinisRhinoraja_murrayi,Bathyraja_marrayiRhinoraja_odai,Rhinoraja_odaiRhinoraja_taranetzi,Rhinoraja_taranetziRioraja_agassizii,Rioraja_agassiziiSympterygia_acuta,Sympterygia_acutaSympterygia_bonapartii,Sympterygia_bonapartiiSympterygia_brevicaudata,Sympterygia_brevicaudataSympterygia_lima,Sympterygia_limaCruriraja_andamanica,Cruriraja_andamanicaCruriraja_atlantis,Cruriraja_atlantisCruriraja_cadenati,Cruriraja_cadenatiCruriraja_durbanensis,Cruriraja_durbanensisCruriraja_hulleyi,Cruriraja_hulleyiCruriraja_parcomaculata,Cruriraja_parcomaculataCruriraja_poeyi,Cruriraja_poeyiCruriraja_rugosa,Cruriraja_rugosaFenestraja_atripinna,Fenestraja_atripinnaFenestraja_cubensis,Fenestraja_cubensisFenestraja_ishiyamai,Fenestraja_ishiyamaiFenestraja_maceachrani,Fenestraja_maceachraniFenestraja_mamillidens,Fenestraja_mamillidensFenestraja_plutonia,Fenestraja_plutoniaFenestraja_sibogae,Fenestraja_sibogaeFenestraja_sinusmexicanus,Fenestraja_sinusmexicanusGurgesiella_atlantica,Gurgesiella_atlanticaGurgesiella_dorsalifera,Gurgesiella_dorsaliferaGurgesiella_furvescens,Gurgesiella_furvescensAmblyraja_badia,Amblyraja_badiaAmblyraja_doellojuradoi,Amblyraja_doellojuradoiAmblyraja_frerichsi,Amblyraja_frerichsiAmblyraja_georgiana,Amblyraja_georgianaAmblyraja_hyperborea,Amblyraja_hyperboreaAmblyraja_jenseni,Amblyraja_jenseniAmblyraja_radiata,Amblyraja_radiataAmblyraja_reversa,Amblyraja_reversaAmblyraja_robertsi,Amblyraja_robertsiAmblyraja_taaf,Amblyraja_taafBeringraja_binoculata,Beringraja_binoculataBeringraja_pulchra,Beringraja_pulchraBreviraja_claramaculata,Breviraja_claramaculataBreviraja_colesi,Breviraja_colesiBreviraja_nigriventralis,Breviraja_nigriventralisBreviraja_spinosa,Breviraja_spinosaDactylobatus_armatus,Dactylobatus_armatusDactylobatus_clarkii,Dactylobatus_clarkiiDentiraja_flindersi,Dentiraja_flindersiDentiraja_lemprieri,Dentiraja_lemprieriDipturus_acrobelus,Dipturus_acrobelusDipturus_apricus,Dipturus_apricusDipturus_australis,Dentiraja_australisDipturus_batis,Dipturus_batisDipturus_bullisi,Dipturus_bullisiDipturus_campbelli,Dipturus_campbelliDipturus_canutus,Dipturus_canutusDipturus_cerva,Dentiraja_cervaDipturus_confusus,Dentiraja_confusaDipturus_crosnieri,Dipturus_crosnieriDipturus_doutrei,Dipturus_doutreiDipturus_ecuadoriensis,Dipturus_ecuadoriensisDipturus_endeavouri,Dentiraja_endeavouriDipturus_falloargus,Dentiraja_falloargaDipturus_flavirostris,Dipturus_flavirostrisDipturus_garricki,Dipturus_garrickiDipturus_gigas,Dipturus_gigasDipturus_grahami,Dipturus_grahamiDipturus_gudgeri,Dipturus_gudgeriDipturus_healdi,Dentiraja_healdiDipturus_innominatus,Dipturus_innominatusDipturus_intermedia,Dipturus_intermediusDipturus_johannisdavesi,Dipturus_johannisdavisiDipturus_kwangtungensis,Dipturus_kwangtungensisDipturus_laevis,Dipturus_laevisDipturus_lanceorostratus,Dipturus_lanceorostratusDipturus_leptocaudus,Dipturus_leptocaudusDipturus_macrocauda,Dipturus_macrocaudusDipturus_melanospilus,Dipturus_melanospilusDipturus_mennii,Dipturus_menniiDipturus_nidarosiensis,Dipturus_nidarosiensisDipturus_oculus,Dentiraja_oculataDipturus_olseni,Dipturus_olseniDipturus_oregoni,Dipturus_oregoniDipturus_oxyrinchus,Dipturus_oxyrinchusDipturus_polyommata,Dentiraja_polyommataDipturus_pullopunctata,Dipturus_pullopunctatusDipturus_queenslandicus,Dipturus_queenslandicusDipturus_springeri,Dipturus_springeriDipturus_stenorhynchus,Dipturus_stenorhynchusDipturus_teevani,Dipturus_teevaniDipturus_tengu,Dipturus_tenguDipturus_trachydermus,Dipturus_trachydermusDipturus_wengi,Dipturus_wengiDipturus_wuhanlingi,Dipturus_wuhanlingiHongeo_koreana,Hongeo_koreanaLeucoraja_caribbaea,Leucoraja_caribbaeaLeucoraja_circularis,Leucoraja_circularisLeucoraja_compagnoi,Leucoraja_compagnoiLeucoraja_erinacea,Leucoraja_erinaceaLeucoraja_fullonica,Leucoraja_fullonicaLeucoraja_garmani,Leucoraja_garmaniLeucoraja_lentiginosa,Leucoraja_lentiginosaLeucoraja_leucosticta,Leucoraja_leucostictaLeucoraja_melitensis,Leucoraja_melitensisLeucoraja_naevus,Leucoraja_naevusLeucoraja_ocellata,Leucoraja_ocellataLeucoraja_pristispina,Leucoraja_pristispinaLeucoraja_virginica,Leucoraja_virginicaLeucoraja_wallacei,Leucoraja_wallaceiLeucoraja_yucatanensis,Leucoraja_yucatanensisMalacoraja_kreffti,Malacoraja_krefftiMalacoraja_obscura,Malacoraja_obscuraMalacoraja_senta,Malacoraja_sentaMalacoraja_spinacidermis,Malacoraja_spinacidermisNeoraja_africana,Neoraja_africanaNeoraja_caerulea,Neoraja_caeruleaNeoraja_carolinensis,Neoraja_carolinensisNeoraja_iberica,Neoraja_ibericaNeoraja_stehmanni,Neoraja_stehmanniOkamejei_acutispina,Okamejei_acutispinaOkamejei_arafurensis,Okamejei_arafurensisOkamejei_boesemani,Okamejei_boesemaniOkamejei_cairae,Okamejei_cairaeOkamejei_heemstrai,Okamejei_heemstraiOkamejei_hollandi,Okamejei_hollandiOkamejei_jensenae,Orbiraja_jensenaeOkamejei_kenojei,Okamejei_kenojeiOkamejei_leptoura,Okamejei_leptouraOkamejei_meerdervoortii,Okamejei_meerdervoortiiOkamejei_mengae,Okamejei_mengaeOkamejei_philipi,Orbiraja_philipiOkamejei_pita,Raja_pitaOkamejei_porosa,Okamejei_porosaOkamejei_powelli,Orbiraja_powelliOkamejei_schmidti,Okamejei_schmidtiRaja_ackleyi,Rostroraja_ackleyiRaja_africana,Raja_africanaRaja_asterias,Raja_asteriasRaja_atriventralis,Raja_atriventralisRaja_bahamensis,Rostroraja_bahamensisRaja_brachyura,Raja_brachyuraRaja_cervigoni,Rostroraja_cervigoniRaja_chinensis,Dipturus_chinensisRaja_clavata,Raja_clavataRaja_cortezensis,Beringraja_cortezensisRaja_eglanteria,Rostroraja_eglanteriaRaja_equatorialis,Rostroraja_equatorialisRaja_herwigi,Raja_herwigiRaja_inornata,Beringraja_inornataRaja_macrorynchus,Raja_macrorynchusRaja_maderensis,Raja_maderensisRaja_microocellata,Raja_microocellataRaja_miraletus,Raja_miraletusRaja_montagui,Raja_montaguiRaja_polystigma,Raja_polystigmaRaja_radula,Raja_radulaRaja_rhina,Beringraja_rhinaRaja_rondeleti,Raja_rondeletiRaja_rouxi,Raja_rouxiRaja_stellulata,Beringraja_stellulataRaja_straeleni,Raja_straeleniRaja_texana,Rostroraja_texanaRaja_undulata,Raja_undulataRaja_velezi,Rostroraja_veleziRajella_alia,Raja_aliaRajella_annandalei,Rajella_annandaleiRajella_barnardi,Rajella_barnardiRajella_bathyphila,Rajella_bathyphilaRajella_bigelowi,Rajella_bigelowiRajella_caudaspinosa,Rajella_caudaspinosaRajella_challengeri,Rajella_challengeriRajella_dissimilis,Rajella_dissimilisRajella_eisenhardti,Rajella_eisenhardtiRajella_fuliginea,Rajella_fuligineaRajella_fyllae,Rajella_fyllaeRajella_kukujevi,Rajella_kukujeviRajella_leopardus,Rajella_leopardaRajella_lintea,Rajella_linteaRajella_nigerrima,Rajella_nigerrimaRajella_purpuriventralis,Rajella_purpuriventralisRajella_ravidula,Rajella_ravidulaRajella_sadowskii,Rajella_sadowskiiRostroraja_alba,Rostroraja_albaSpiniraja_whitleyi,Spiniraja_whitleyiZearaja_argentinensis,Zearaja_argentinensisZearaja_chilensis,Zearaja_chilensisZearaja_maugeana,Zearaja_maugeanaZearaja_nasuta,Zearaja_nasutaGlaucostegus_cemiculus,Glaucostegus_cemiculusGlaucostegus_granulatus,Glaucostegus_granulatusGlaucostegus_halavi,Glaucostegus_halaviGlaucostegus_obtusus,Glaucostegus_obtususGlaucostegus_thouin,Glaucostegus_thouinGlaucostegus_typus,Glaucostegus_typusAnoxypristis_cuspidata,Anoxypristis_cuspidataPristis_clavata,Pristis_clavataPristis_pectinata,Pristis_pectinataPristis_pristis,Pristis_pristisPristis_zijsron,Pristis_zijsronRhina_ancylostoma,Rhina_ancylostomaRhynchobatus_australiae,Rhynchobatus_australiaeRhynchobatus_djiddensis,Rhynchobatus_djiddensisRhynchobatus_laevis,Rhynchobatus_laevisRhynchobatus_luebberti,Rhynchobatus_luebbertiRhynchobatus_palpebratus,Rhynchobatus_palpebratusRhynchobatus_springeri,Rhynchobatus_springeriAcroteriobatus_annulatus,Acroteriobatus_annulatusAcroteriobatus_blochii,Acroteriobatus_blochiiAcroteriobatus_leucospilus,Acroteriobatus_leucospilusAcroteriobatus_ocellatus,Acroteriobatus_ocellatusAcroteriobatus_salalah,Acroteriobatus_salalahAcroteriobatus_variegatus,Acroteriobatus_variegatusAcroteriobatus_zanzibarensis,Acroteriobatus_zanzibarensisGlaucostegus_microphthalmus,Glaucostegus_microphthalmusGlaucostegus_spinosus,Glaucostegus_spinosusRhinobatos_albomaculatus,Rhinobatos_albomaculatusRhinobatos_annandalei,Rhinobatos_annandaleiRhinobatos_formosensis,Rhinobatos_formosensisRhinobatos_glaucostigma,Pseudobatos_glaucostigmusRhinobatos_holcorhynchus,Rhinobatos_holcorhynchusRhinobatos_horkelii,Pseudobatos_horkeliiRhinobatos_hynnicephalus,Rhinobatos_hynnicephalusRhinobatos_irvinei,Rhinobatos_irvineiRhinobatos_jimbaranensis,Rhinobatos_jimbaranensisRhinobatos_lentiginosus,Pseudobatos_lentiginosusRhinobatos_leucorhynchus,Pseudobatos_leucorhynchusRhinobatos_lionotus,Rhinobatos_lionotusRhinobatos_nudidorsalis,Rhinobatos_nudidorsalisRhinobatos_penggali,Rhinobatos_penggaliRhinobatos_percellens,Pseudobatos_percellensRhinobatos_planiceps,Pseudobatos_planicepsRhinobatos_prahli,Pseudobatos_prahliRhinobatos_productus,Pseudobatos_productusRhinobatos_punctifer,Rhinobatos_punctiferRhinobatos_rhinobatos,Rhinobatos_rhinobatosRhinobatos_sainsburyi,Rhinobatos_sainsburyiRhinobatos_schlegelii,Rhinobatos_schlegeliiTrygonorrhina_melaleuca,Trygonorrhina_melaleucaAptychotrema_rostrata,Aptychotrema_rostrataAptychotrema_timorensis,Aptychotrema_timorensisAptychotrema_vincentiana,Aptychotrema_vincentianaTrygonorrhina_dumerilii,Trygonorrhina_dumeriliiTrygonorrhina_fasciata,Trygonorrhina_fasciataZapteryx_brevirostris,Zapteryx_brevirostrisZapteryx_exasperata,Zapteryx_exasperataZapteryx_xyster,Zapteryx_xysterZanobatus_schoenleinii,Zanobatus_schoenleiniiHypnos_monopterygius,Hypnos_monopterygiusBenthobatis_kreffti,Benthobatis_krefftiBenthobatis_marcida,Benthobatis_marcidaBenthobatis_moresbyi,Benthobatis_moresbyiBenthobatis_yangi,Benthobatis_yangiDiplobatis_colombiensis,Diplobatis_colombiensisDiplobatis_guamachensis,Diplobatis_guamachensisDiplobatis_ommata,Diplobatis_ommataDiplobatis_pictus,Diplobatis_pictaDiscopyge_castelloi,Discopyge_castelloiDiscopyge_tschudii,Discopyge_tschudiiNarcine_atzi,Narcine_atziNarcine_bancroftii,Narcine_bancroftiiNarcine_bicolor,Narcine_bicolorNarcine_brasiliensis,Narcine_brasiliensisNarcine_brevilabiata,Narcine_brevilabiataNarcine_brunnea,Narcine_brunneaNarcine_entemedor,Narcine_entemedorNarcine_firma,Narcine_firmaNarcine_insolita,Narcine_insolitaNarcine_lasti,Narcinops_lastiNarcine_leoparda,Narcine_leopardaNarcine_lingula,Narcine_lingulaNarcine_maculata,Narcine_maculataNarcine_nelsoni,Narcinops_nelsoniNarcine_nigra,Narcine_nigraNarcine_oculifera,Narcine_oculiferaNarcine_ornata,Narcinops_ornataNarcine_prodorsalis,Narcine_prodorsalisNarcine_rierai,Narcine_rieraiNarcine_tasmaniensis,Narcinops_tasmaniensisNarcine_timlei,Narcine_timleiNarcine_vermiculatus,Narcine_vermiculataNarcine_westraliensis,Narcinops_westraliensisCrassinarke_dormitor,Crassinarke_dormitorElectrolux_addisoni,Electrolux_addisoniHeteronarce_bentuviai,Heteronarce_bentuviaiHeteronarce_garmani,Heteronarce_garmaniHeteronarce_mollis,Heteronarce_mollisHeteronarce_prabhui,Heteronarce_prabhuiNarke_capensis,Narke_capensisNarke_dipterygia,Narke_dipterygiaNarke_japonica,Narke_japonicaTemera_hardwickii,Temera_hardwickiiTyphlonarke_aysoni,Typhlonarke_aysoniTyphlonarke_tarakea,Typhlonarke_tarakeaPlatyrhina_hyugaensis,Platyrhina_hyugaensisPlatyrhina_sinensis,Platyrhina_sinensisPlatyrhina_tangi,Platyrhina_tangiPlatyrhinoidis_triseriata,Platyrhinoidis_triseriataTorpedo_adenensis,Torpedo_adenensisTorpedo_alexandrinsis,Torpedo_alexandrinsisTorpedo_andersoni,Torpedo_andersoniTorpedo_bauchotae,Torpedo_bauchotaeTorpedo_californica,Tetronarce_californicaTorpedo_fairchildi,Torpedo_fairchildiTorpedo_formosa,Tetronarce_formosaTorpedo_fuscomaculata,Torpedo_fuscomaculataTorpedo_mackayana,Torpedo_mackayanaTorpedo_macneilli,Torpedo_macneilliTorpedo_marmorata,Torpedo_marmorataTorpedo_microdiscus,Torpedo_microdiscusTorpedo_nobiliana,Tetronarce_nobilianaTorpedo_panthera,Torpedo_pantheraTorpedo_peruana,Torpedo_peruanaTorpedo_polleni,Torpedo_polleniTorpedo_puelcha,Tetronarce_puelchaTorpedo_semipelagica,Torpedo_semipelagicaTorpedo_sinuspersici,Torpedo_sinuspersiciTorpedo_suessii,Torpedo_suessiiTorpedo_tokionis,Tetronarce_tokionsisTorpedo_torpedo,Torpedo_torpedoTorpedo_tremens,Tetronarce_tremensTorpedo_zugmayeri,Torpedo_zugmayeriCarcharhinus_acronotus,Carcharhinus_acronotusCarcharhinus_albimarginatus,Carcharhinus_albimarginatusCarcharhinus_altimus,Carcharhinus_altimusCarcharhinus_amblyrhynchoides,Carcharhinus_amblyrhynchoidesCarcharhinus_amblyrhynchos,Carcharhinus_amblyrhynchosCarcharhinus_amboinensis,Carcharhinus_amboinensisCarcharhinus_borneensis,Carcharhinus_borneensisCarcharhinus_brachyurus,Carcharhinus_brachyurusCarcharhinus_brevipinna,Carcharhinus_brevipinnaCarcharhinus_cautus,Carcharhinus_cautusCarcharhinus_cerdale,Carcharhinus_cerdaleCarcharhinus_coatesi,Carcharhinus_coatesiCarcharhinus_dussumieri,Carcharhinus_dussumieriCarcharhinus_falciformis,Carcharhinus_falciformisCarcharhinus_fitzroyensis,Carcharhinus_fitzroyensisCarcharhinus_galapagensis,Carcharhinus_galapagensisCarcharhinus_hemiodon,Carcharhinus_hemiodonCarcharhinus_isodon,Carcharhinus_isodonCarcharhinus_leiodon,Carcharhinus_leiodonCarcharhinus_leucas,Carcharhinus_leucasCarcharhinus_limbatus,Carcharhinus_limbatusCarcharhinus_longimanus,Carcharhinus_longimanusCarcharhinus_macloti,Carcharhinus_maclotiCarcharhinus_melanopterus,Carcharhinus_melanopterusCarcharhinus_obscurus,Carcharhinus_obscurusCarcharhinus_perezii,Carcharhinus_pereziiCarcharhinus_plumbeus,Carcharhinus_plumbeusCarcharhinus_porosus,Carcharhinus_porosusCarcharhinus_sealei,Carcharhinus_sealeiCarcharhinus_signatus,Carcharhinus_signatusCarcharhinus_sorrah,Carcharhinus_sorrahCarcharhinus_tilstoni,Carcharhinus_tilstoniCarcharhinus_tjutjot,Carcharhinus_tjutjotCarcharhinus_wheeleri,Carcharhinus_wheeleriGaleocerdo_cuvier,Galeocerdo_cuvierGlyphis_fowlerae,Glyphis_fowleraeGlyphis_gangeticus,Glyphis_gangeticusGlyphis_garricki,Glyphis_garrickiGlyphis_glyphis,Glyphis_glyphisGlyphis_siamensis,Glyphis_siamensisGlyphis_sp.1,Glyphis_sp.1Isogomphodon_oxyrhynchus,Isogomphodon_oxyrhynchusLamiopsis_temminckii,Lamiopsis_temminckiiLamiopsis_tephrodes,Lamiopsis_tephrodesLoxodon_macrorhinus,Loxodon_macrorhinusNasolamia_velox,Nasolamia_veloxNegaprion_acutidens,Negaprion_acutidensNegaprion_brevirostris,Negaprion_brevirostrisPrionace_glauca,Prionace_glaucaRhizoprionodon_acutus,Rhizoprionodon_acutusRhizoprionodon_lalandii,Rhizoprionodon_lalandiiRhizoprionodon_longurio,Rhizoprionodon_longurioRhizoprionodon_oligolinx,Rhizoprionodon_oligolinxRhizoprionodon_porosus,Rhizoprionodon_porosusRhizoprionodon_taylori,Rhizoprionodon_tayloriRhizoprionodon_terraenovae,Rhizoprionodon_terraenovaeScoliodon_laticaudus,Scoliodon_laticaudusScoliodon_macrorhynchos,Scoliodon_macrorhynchosTriaenodon_obesus,Triaenodon_obesusChaenogaleus_macrostoma,Chaenogaleus_macrostomaHemigaleus_australiensis,Hemigaleus_australiensisHemigaleus_microstoma,Hemigaleus_microstomaHemipristis_elongata,Hemipristis_elongataParagaleus_leucolomatus,Paragaleus_leucolomatusParagaleus_pectoralis,Paragaleus_pectoralisParagaleus_randalli,Paragaleus_randalliParagaleus_tengi,Paragaleus_tengiLeptocharias_smithii,Leptocharias_smithiiCtenacis_fehlmanni,Ctenacis_fehlmanniEridacnis_barbouri,Eridacnis_barbouriEridacnis_radcliffei,Eridacnis_radcliffeiEridacnis_sinuans,Eridacnis_sinuansProscyllium_habereri,Proscyllium_habereriProscyllium_magnificum,Proscyllium_magnificumProscyllium_venustum,Proscyllium_venustumGollum_attenuatus,Gollum_attenuatusGollum_suluensis,Gollum_suluensisPlanonasus_parini,Planonasus_pariniPseudotriakis_microdon,Pseudotriakis_microdonApristurus_albisoma,Apristurus_albisomaApristurus_ampliceps,Apristurus_amplicepsApristurus_aphyodes,Apristurus_aphyodesApristurus_australis,Apristurus_australisApristurus_brunneus,Apristurus_brunneusApristurus_bucephalus,Apristurus_bucephalusApristurus_canutus,Apristurus_canutusApristurus_exsanguis,Apristurus_exsanguisApristurus_fedorovi,Apristurus_fedoroviApristurus_gibbosus,Apristurus_gibbosusApristurus_herklotsi,Apristurus_herklotsiApristurus_indicus,Apristurus_indicusApristurus_internatus,Apristurus_internatusApristurus_investigatoris,Apristurus_investigatorisApristurus_japonicus,Apristurus_japonicusApristurus_kampae,Apristurus_kampaeApristurus_laurussonii,Apristurus_laurussoniiApristurus_longicephalus,Apristurus_longicephalusApristurus_macrorhynchus,Apristurus_macrorhynchusApristurus_macrostomus,Apristurus_macrostomusApristurus_manis,Apristurus_manisApristurus_melanoasper,Apristurus_melanoasperApristurus_microps,Apristurus_micropsApristurus_micropterygeus,Apristurus_micropterygeusApristurus_nasutus,Apristurus_nasutusApristurus_parvipinnis,Apristurus_parvipinnisApristurus_pinguis,Apristurus_pinguisApristurus_platyrhynchus,Apristurus_platyrhynchusApristurus_profundorum,Apristurus_profundorumApristurus_riveri,Apristurus_riveriApristurus_saldanha,Apristurus_saldanhaApristurus_sibogae,Apristurus_sibogaeApristurus_sinensis,Apristurus_sinensisApristurus_spongiceps,Apristurus_spongicepsApristurus_stenseni,Apristurus_stenseniAsymbolus_analis,Asymbolus_analisAsymbolus_funebris,Asymbolus_funebrisAsymbolus_galacticus,Asymbolus_galacticusAsymbolus_occiduus,Asymbolus_occiduusAsymbolus_pallidus,Asymbolus_pallidusAsymbolus_parvus,Asymbolus_parvusAsymbolus_rubiginosus,Asymbolus_rubiginosusAsymbolus_submaculatus,Asymbolus_submaculatusAsymbolus_vincenti,Asymbolus_vincentiAtelomycterus_baliensis,Atelomycterus_baliensisAtelomycterus_fasciatus,Atelomycterus_fasciatusAtelomycterus_macleayi,Atelomycterus_macleayiAtelomycterus_marmoratus,Atelomycterus_marmoratusAtelomycterus_marnkalha,Atelomycterus_marnkalhaAulohalaelurus_kanakorum,Aulohalaelurus_kanakorumAulohalaelurus_labiosus,Aulohalaelurus_labiosusBythaelurus_alcockii,Bythaelurus_alcockiiBythaelurus_canescens,Bythaelurus_canescensBythaelurus_clevai,Bythaelurus_clevaiBythaelurus_dawsoni,Bythaelurus_dawsoniBythaelurus_giddingsi,Bythaelurus_giddingsiBythaelurus_hispidus,Bythaelurus_hispidusBythaelurus_immaculatus,Bythaelurus_immaculatusBythaelurus_incanus,Bythaelurus_incanusBythaelurus_lutarius,Bythaelurus_lutariusCephaloscyllium_albipinnum,Cephaloscyllium_albipinnumCephaloscyllium_cooki,Cephaloscyllium_cookiCephaloscyllium_fasciatum,Cephaloscyllium_fasciatumCephaloscyllium_hiscosellum,Cephaloscyllium_hiscosellumCephaloscyllium_isabellum,Cephaloscyllium_isabellumCephaloscyllium_laticeps,Cephaloscyllium_laticepsCephaloscyllium_maculatum,Cephaloscyllium_maculatumCephaloscyllium_pardelotum,Cephaloscyllium_pardelotumCephaloscyllium_pictum,Cephaloscyllium_pictumCephaloscyllium_sarawakensis,Cephaloscyllium_sarawakensisCephaloscyllium_signourum,Cephaloscyllium_signourumCephaloscyllium_silasi,Cephaloscyllium_silasiCephaloscyllium_speccum,Cephaloscyllium_speccumCephaloscyllium_stevensi,Cephaloscyllium_stevensiCephaloscyllium_sufflans,Cephaloscyllium_sufflansCephaloscyllium_umbratile,Cephaloscyllium_umbratileCephaloscyllium_variegatum,Cephaloscyllium_variegatumCephaloscyllium_ventriosum,Cephaloscyllium_ventriosumCephaloscyllium_zebrum,Cephaloscyllium_zebrumCephalurus_cephalus,Cephalurus_cephalusFigaro_boardmani,Figaro_boardmaniFigaro_striatus,Figaro_striatusGaleus_antillensis,Galeus_antillensisGaleus_arae,Galeus_araeGaleus_atlanticus,Galeus_atlanticusGaleus_cadenati,Galeus_cadenatiGaleus_eastmani,Galeus_eastmaniGaleus_gracilis,Galeus_gracilisGaleus_longirostris,Galeus_longirostrisGaleus_melastomus,Galeus_melastomusGaleus_mincaronei,Galeus_mincaroneiGaleus_murinus,Galeus_murinusGaleus_nipponensis,Galeus_nipponensisGaleus_piperatus,Galeus_piperatusGaleus_polli,Galeus_polliGaleus_priapus,Galeus_priapusGaleus_sauteri,Galeus_sauteriGaleus_schultzi,Galeus_schultziGaleus_springeri,Galeus_springeriHalaelurus_boesemani,Halaelurus_boesemaniHalaelurus_buergeri,Halaelurus_buergeriHalaelurus_lineatus,Halaelurus_lineatusHalaelurus_maculosus,Halaelurus_maculosusHalaelurus_natalensis,Halaelurus_natalensisHalaelurus_quagga,Halaelurus_quaggaHalaelurus_sellus,Halaelurus_sellusHaploblepharus_edwardsii,Haploblepharus_edwardsiiHaploblepharus_fuscus,Haploblepharus_fuscusHaploblepharus_kistnasamyi,Haploblepharus_kistnasamyiHaploblepharus_pictus,Haploblepharus_pictusHolohalaelurus_favus,Holohalaelurus_favusHolohalaelurus_grennian,Holohalaelurus_grennianHolohalaelurus_melanostigma,Holohalaelurus_melanostigmaHolohalaelurus_punctatus,Holohalaelurus_punctatusHolohalaelurus_regani,Holohalaelurus_reganiParmaturus_albimarginatus,Parmaturus_albimarginatusParmaturus_albipenis,Parmaturus_albipenisParmaturus_bigus,Parmaturus_bigusParmaturus_campechiensis,Parmaturus_campechiensisParmaturus_lanatus,Parmaturus_lanatusParmaturus_macmillani,Parmaturus_macmillaniParmaturus_melanobranchus,Parmaturus_melanobranchusParmaturus_pilosus,Parmaturus_pilosusParmaturus_sp.,Parmaturus_sp.Parmaturus_xaniurus,Parmaturus_xaniurusPentanchus_profundicolus,Pentanchus_profundicolusPoroderma_africanum,Poroderma_africanumPoroderma_pantherinum,Poroderma_pantherinumSchroederichthys_bivius,Schroederichthys_biviusSchroederichthys_chilensis,Schroederichthys_chilensisSchroederichthys_maculatus,Schroederichthys_maculatusSchroederichthys_saurisqualus,Schroederichthys_saurisqualusSchroederichthys_tenuis,Schroederichthys_tenuisScyliorhinus_besnardi,Scyliorhinus_besnardiScyliorhinus_boa,Scyliorhinus_boaScyliorhinus_canicula,Scyliorhinus_caniculaScyliorhinus_capensis,Scyliorhinus_capensisScyliorhinus_cervigoni,Scyliorhinus_cervigoniScyliorhinus_comoroensis,Scyliorhinus_comoroensisScyliorhinus_garmani,Scyliorhinus_garmaniScyliorhinus_haeckelii,Scyliorhinus_haeckeliiScyliorhinus_hesperius,Scyliorhinus_hesperiusScyliorhinus_meadi,Scyliorhinus_meadiScyliorhinus_retifer,Scyliorhinus_retiferScyliorhinus_stellaris,Scyliorhinus_stellarisScyliorhinus_tokubee,Scyliorhinus_tokubeeScyliorhinus_torazame,Scyliorhinus_torazameScyliorhinus_torrei,Scyliorhinus_torreiEusphyra_blochii,Eusphyra_blochiiSphyrna_corona,Sphyrna_coronaSphyrna_lewini,Sphyrna_lewiniSphyrna_media,Sphyrna_mediaSphyrna_mokarran,Sphyrna_mokarranSphyrna_tiburo,Sphyrna_tiburoSphyrna_tudes,Sphyrna_tudesSphyrna_zygaena,Sphyrna_zygaenaFurgaleus_macki,Furgaleus_mackiGaleorhinus_galeus,Galeorhinus_galeusGogolia_filewoodi,Gogolia_filewoodiHemitriakis_abdita,Hemitriakis_abditaHemitriakis_complicofasciata,Hemitriakis_complicofasciataHemitriakis_falcata,Hemitriakis_falcataHemitriakis_indroyonoi,Hemitriakis_indroyonoiHemitriakis_japanica,Hemitriakis_japanicaHemitriakis_leucoperiptera,Hemitriakis_leucoperipteraHypogaleus_hyugaensis,Hypogaleus_hyugaensisIago_garricki,Iago_garrickiIago_omanensis,Iago_omanensisMustelus_albipinnis,Mustelus_albipinnisMustelus_antarcticus,Mustelus_antarcticusMustelus_asterias,Mustelus_asteriasMustelus_californicus,Mustelus_californicusMustelus_canis,Mustelus_canisMustelus_dorsalis,Mustelus_dorsalisMustelus_fasciatus,Mustelus_fasciatusMustelus_griseus,Mustelus_griseusMustelus_henlei,Mustelus_henleiMustelus_higmani,Mustelus_higmaniMustelus_lenticulatus,Mustelus_lenticulatusMustelus_lunulatus,Mustelus_lunulatusMustelus_manazo,Mustelus_manazoMustelus_mangalorensis,Iago_mangalorensisMustelus_mento,Mustelus_mentoMustelus_minicanis,Mustelus_minicanisMustelus_mosis,Mustelus_mosisMustelus_mustelus,Mustelus_mustelusMustelus_norrisi,Mustelus_norrisiMustelus_palumbes,Mustelus_palumbesMustelus_punctulatus,Mustelus_punctulatusMustelus_ravidus,Mustelus_ravidusMustelus_schmitti,Mustelus_schmittiMustelus_sinusmexicanus,Mustelus_sinusmexicanusMustelus_stevensi,Mustelus_stevensiMustelus_walkeri,Mustelus_walkeriMustelus_whitneyi,Mustelus_whitneyiMustelus_widodoi,Mustelus_widodoiScylliogaleus_quecketti,Scylliogaleus_queckettiTriakis_acutipinna,Triakis_acutipinnaTriakis_maculata,Triakis_maculataTriakis_megalopterus,Triakis_megalopterusTriakis_scyllium,Triakis_scylliumTriakis_semifasciata,Triakis_semifasciataHeterodontus_francisci,Heterodontus_francisciHeterodontus_galeatus,Heterodontus_galeatusHeterodontus_japonicus,Heterodontus_japonicusHeterodontus_mexicanus,Heterodontus_mexicanusHeterodontus_omanensis,Heterodontus_omanensisHeterodontus_portusjacksoni,Heterodontus_portusjacksoniHeterodontus_quoyi,Heterodontus_quoyiHeterodontus_ramalheira,Heterodontus_ramalheiraHeterodontus_zebra,Heterodontus_zebraAlopias_pelagicus,Alopias_pelagicusAlopias_superciliosus,Alopias_superciliosusAlopias_vulpinus,Alopias_vulpinusCetorhinus_maximus,Cetorhinus_maximusCarcharodon_carcharias,Carcharodon_carchariasIsurus_oxyrinchus,Isurus_oxyrinchusIsurus_paucus,Isurus_paucusLamna_ditropis,Lamna_ditropisLamna_nasus,Lamna_nasusMegachasma_pelagios,Megachasma_pelagiosMitsukurina_owstoni,Mitsukurina_owstoniCarcharias_taurus,Carcharias_taurusOdontaspis_ferox,Odontaspis_feroxOdontaspis_noronhai,Odontaspis_noronhaiPseudocarcharias_kamoharai,Pseudocarcharias_kamoharaiBrachaelurus_colcloughi,Brachaelurus_colcloughiBrachaelurus_waddi,Brachaelurus_waddiGinglymostoma_cirratum,Ginglymostoma_cirratumNebrius_ferrugineus,Nebrius_ferrugineusPseudoginglymostoma_brevicaudatum,Pseudoginglymostoma_brevicaudatumChiloscyllium_arabicum,Chiloscyllium_arabicumChiloscyllium_burmensis,Chiloscyllium_burmensisChiloscyllium_griseum,Chiloscyllium_griseumChiloscyllium_hasseltii,Chiloscyllium_hasseltiiChiloscyllium_indicum,Chiloscyllium_indicumChiloscyllium_plagiosum,Chiloscyllium_plagiosumChiloscyllium_punctatum,Chiloscyllium_punctatumHemiscyllium_freycineti,Hemiscyllium_freycinetiHemiscyllium_galei,Hemiscyllium_galeiHemiscyllium_hallstromi,Hemiscyllium_hallstromiHemiscyllium_henryi,Hemiscyllium_henryiHemiscyllium_michaeli,Hemiscyllium_michaeliHemiscyllium_ocellatum,Hemiscyllium_ocellatumHemiscyllium_strahani,Hemiscyllium_strahaniHemiscyllium_trispeculare,Hemiscyllium_trispeculareEucrossorhinus_dasypogon,Eucrossorhinus_dasypogonOrectolobus_floridus,Orectolobus_floridusOrectolobus_halei,Orectolobus_haleiOrectolobus_hutchinsi,Orectolobus_hutchinsiOrectolobus_japonicus,Orectolobus_japonicusOrectolobus_leptolineatus,Orectolobus_leptolineatusOrectolobus_maculatus,Orectolobus_maculatusOrectolobus_ornatus,Orectolobus_ornatusOrectolobus_parvimaculatus,Orectolobus_parvimaculatusOrectolobus_reticulatus,Orectolobus_reticulatusOrectolobus_wardi,Orectolobus_wardiSutorectus_tentaculatus,Sutorectus_tentaculatusCirrhoscyllium_expolitum,Cirrhoscyllium_expolitumCirrhoscyllium_formosanum,Cirrhoscyllium_formosanumCirrhoscyllium_japonicum,Cirrhoscyllium_japonicumParascyllium_collare,Parascyllium_collareParascyllium_elongatum,Parascyllium_elongatumParascyllium_ferrugineum,Parascyllium_ferrugineumParascyllium_sparsimaculatum,Parascyllium_sparsimaculatumParascyllium_variolatum,Parascyllium_variolatumRhincodon_typus,Rhincodon_typusStegostoma_fasciatum,Stegostoma_fasciatumCallorhinchus_callorynchus,Callorhinchus_callorynchusCallorhinchus_capensis,Callorhinchus_capensisCallorhinchus_milii,Callorhinchus_miliiChimaera_argiloba,Chimaera_argilobaChimaera_bahamaensis,Chimaera_bahamaensisChimaera_cubana,Chimaera_cubanaChimaera_fulva,Chimaera_fulvaChimaera_jordani,Chimaera_jordaniChimaera_lignaria,Chimaera_lignariaChimaera_macrospina,Chimaera_macrospinaChimaera_monstrosa,Chimaera_monstrosaChimaera_notafricana,Chimaera_notafricanaChimaera_obscura,Chimaera_obscuraChimaera_opalescens,Chimaera_opalescensChimaera_owstoni,Chimaera_owstoniChimaera_panthera,Chimaera_pantheraChimaera_phantasma,Chimaera_phantasmaHydrolagus_affinis,Hydrolagus_affinisHydrolagus_africanus,Hydrolagus_africanusHydrolagus_alberti,Hydrolagus_albertiHydrolagus_alphus,Hydrolagus_alphusHydrolagus_barbouri,Hydrolagus_barbouriHydrolagus_bemisi,Hydrolagus_bemisiHydrolagus_colliei,Hydrolagus_collieiHydrolagus_deani,Hydrolagus_deaniHydrolagus_eidolon,Hydrolagus_eidolonHydrolagus_homonycteris,Hydrolagus_homonycterisHydrolagus_lemures,Hydrolagus_lemuresHydrolagus_lusitanicus,Hydrolagus_lusitanicusHydrolagus_macrophthalmus,Hydrolagus_macrophthalmusHydrolagus_marmoratus,Hydrolagus_marmoratusHydrolagus_matallanasi,Hydrolagus_matallanasiHydrolagus_mccoskeri,Hydrolagus_mccoskeriHydrolagus_melanophasma,Hydrolagus_melanophasmaHydrolagus_mirabilis,Hydrolagus_mirabilisHydrolagus_mitsukurii,Hydrolagus_mitsukuriiHydrolagus_novaezealandiae,Hydrolagus_novaezealandiaeHydrolagus_ogilbyi,Hydrolagus_ogilbyiHydrolagus_pallidus,Hydrolagus_pallidusHydrolagus_purpurescens,Hydrolagus_purpurescensHydrolagus_trolli,Hydrolagus_trolliHarriotta_haeckeli,Harriotta_haeckeliHarriotta_raleighana,Harriotta_raleighanaNeoharriotta_carri,Neoharriotta_carriNeoharriotta_pinnata,Neoharriotta_pinnataNeoharriotta_pumila,Neoharriotta_pumilaRhinochimaera_africana,Rhinochimaera_africanaRhinochimaera_atlantica,Rhinochimaera_atlanticaRhinochimaera_pacifica,Rhinochimaera_pacificaEchinorhinus_brucus,Echinorhinus_brucusEchinorhinus_cookei,Echinorhinus_cookeiChlamydoselachus_africana,Chlamydoselachus_africanaChlamydoselachus_anguineus,Chlamydoselachus_anguineusHeptranchias_perlo,Heptranchias_perloHexanchus_griseus,Hexanchus_griseusHexanchus_nakamurai,Hexanchus_nakamuraiHexanchus_vitulus,Hexanchus_vitulusNotorynchus_cepedianus,Notorynchus_cepedianusPliotrema_warreni,Pliotrema_warreniPristiophorus_cirratus,Pristiophorus_cirratusPristiophorus_delicatus,Pristiophorus_delicatusPristiophorus_japonicus,Pristiophorus_japonicusPristiophorus_nancyae,Pristiophorus_nancyaePristiophorus_nudipinnis,Pristiophorus_nudipinnisPristiophorus_schroederi,Pristiophorus_schroederiCentrophorus_atromarginatus,Centrophorus_atromarginatusCentrophorus_granulosus,Centrophorus_granulosusCentrophorus_harrissoni,Centrophorus_harrissoniCentrophorus_isodon,Centrophorus_isodonCentrophorus_lusitanicus,Centrophorus_lusitanicusCentrophorus_moluccensis,Centrophorus_moluccensisCentrophorus_seychellorum,Centrophorus_seychellorumCentrophorus_squamosus,Centrophorus_squamosusCentrophorus_tessellatus,Centrophorus_tessellatusCentrophorus_westraliensis,Centrophorus_westraliensisCentrophorus_zeehaani,Centrophorus_zeehaaniDeania_calcea,Deania_calceaDeania_hystricosa,Deania_hystricosaDeania_profundorum,Deania_profundorumDeania_quadrispinosa,Deania_quadrispinosaDalatias_licha,Dalatias_lichaEuprotomicroides_zantedeschia,Euprotomicroides_zantedeschiaEuprotomicrus_bispinatus,Euprotomicrus_bispinatusHeteroscymnoides_marleyi,Heteroscymnoides_marleyiIsistius_brasiliensis,Isistius_brasiliensisIsistius_labialis,Isistius_labialisIsistius_plutodus,Isistius_plutodusMollisquama_parini,Mollisquama_pariniSqualiolus_aliae,Squaliolus_aliaeSqualiolus_laticaudus,Squaliolus_laticaudusAculeola_nigra,Aculeola_nigraCentroscyllium_excelsum,Centroscyllium_excelsumCentroscyllium_fabricii,Centroscyllium_fabriciiCentroscyllium_granulatum,Centroscyllium_granulatumCentroscyllium_kamoharai,Centroscyllium_kamoharaiCentroscyllium_nigrum,Centroscyllium_nigrumCentroscyllium_ornatum,Centroscyllium_ornatumCentroscyllium_ritteri,Centroscyllium_ritteriEtmopterus_bigelowi,Etmopterus_bigelowiEtmopterus_brachyurus,Etmopterus_brachyurusEtmopterus_bullisi,Etmopterus_bullisiEtmopterus_burgessi,Etmopterus_burgessiEtmopterus_carteri,Etmopterus_carteriEtmopterus_caudistigmus,Etmopterus_caudistigmusEtmopterus_compagnoi,Etmopterus_compagnoiEtmopterus_decacuspidatus,Etmopterus_decacuspidatusEtmopterus_dianthus,Etmopterus_dianthusEtmopterus_dislineatus,Etmopterus_dislineatusEtmopterus_evansi,Etmopterus_evansiEtmopterus_fusus,Etmopterus_fususEtmopterus_gracilispinis,Etmopterus_gracilispinisEtmopterus_granulosus,Etmopterus_granulosusEtmopterus_hillianus,Etmopterus_hillianusEtmopterus_joungi,Etmopterus_joungiEtmopterus_litvinovi,Etmopterus_litvinoviEtmopterus_lucifer,Etmopterus_luciferEtmopterus_molleri,Etmopterus_molleriEtmopterus_perryi,Etmopterus_perryiEtmopterus_polli,Etmopterus_polliEtmopterus_princeps,Etmopterus_princepsEtmopterus_pseudosqualiolus,Etmopterus_pseudosqualiolusEtmopterus_pusillus,Etmopterus_pusillusEtmopterus_pycnolepis,Etmopterus_pycnolepisEtmopterus_robinsi,Etmopterus_robinsiEtmopterus_schmidti,Etmopterus_schmidtiEtmopterus_schultzi,Etmopterus_schultziEtmopterus_sculptus,Etmopterus_sculptusEtmopterus_sentosus,Etmopterus_sentosusEtmopterus_sheikoi,Etmopterus_sheikoiEtmopterus_spinax,Etmopterus_spinaxEtmopterus_splendidus,Etmopterus_splendidusEtmopterus_unicolor,Etmopterus_unicolorEtmopterus_viator,Etmopterus_viatorEtmopterus_villosus,Etmopterus_villosusEtmopterus_virens,Etmopterus_virensTrigonognathus_kabeyai,Trigonognathus_kabeyaiOxynotus_bruniensis,Oxynotus_bruniensisOxynotus_caribbaeus,Oxynotus_caribbaeusOxynotus_centrina,Oxynotus_centrinaOxynotus_japonicus,Oxynotus_japonicusOxynotus_paradoxus,Oxynotus_paradoxusCentroscymnus_coelolepis,Centroscymnus_coelolepisCentroscymnus_owstonii,Centroscymnus_owstoniiCentroselachus_crepidater,Centroselachus_crepidaterProscymnodon_macracanthus,Scymnodon_macracanthusProscymnodon_plunketi,Proscymnodon_plunketiScymnodalatias_albicauda,Scymnodalatias_albicaudaScymnodalatias_garricki,Scymnodalatias_garrickiScymnodalatias_oligodon,Scymnodalatias_oligodonScymnodalatias_sherwoodi,Scymnodalatias_sherwoodiScymnodon_ringens,Scymnodon_ringensSomniosus_antarcticus,Somniosus_antarcticusSomniosus_longus,Somniosus_longusSomniosus_microcephalus,Somniosus_microcephalusSomniosus_pacificus,Somniosus_pacificusSomniosus_rostratus,Somniosus_rostratusZameus_ichiharai,Scymnodon_ichiharaiZameus_squamulosus,Zameus_squamulosusCirrhigaleus_asper,Cirrhigaleus_asperCirrhigaleus_australis,Cirrhigaleus_australisCirrhigaleus_barbifer,Cirrhigaleus_barbiferSqualus_acanthias,Squalus_acanthiasSqualus_albifrons,Squalus_albifronsSqualus_altipinnis,Squalus_altipinnisSqualus_blainville,Squalus_blainvilleSqualus_brevirostris,Squalus_brevirostrisSqualus_bucephalus,Squalus_bucephalusSqualus_chloroculus,Squalus_chloroculusSqualus_crassispinus,Squalus_crassispinusSqualus_cubensis,Squalus_cubensisSqualus_edmundsi,Squalus_edmundsiSqualus_formosus,Squalus_formosusSqualus_grahami,Squalus_grahamiSqualus_griffini,Squalus_griffiniSqualus_hemipinnis,Squalus_hemipinnisSqualus_japonicus,Squalus_japonicusSqualus_lalannei,Squalus_lalanneiSqualus_megalops,Squalus_megalopsSqualus_melanurus,Squalus_melanurusSqualus_mitsukurii,Squalus_mitsukuriiSqualus_montalbani,Squalus_montalbaniSqualus_nasutus,Squalus_nasutusSqualus_notocaudatus,Squalus_notocaudatusSqualus_rancureli,Squalus_rancureliSqualus_raoulensis,Squalus_raoulensisSqualus_suckleyi,Squalus_suckleyiSquatina_aculeata,Squatina_aculeataSquatina_africana,Squatina_africanaSquatina_albipunctata,Squatina_albipunctataSquatina_argentina,Squatina_argentinaSquatina_armata,Squatina_armataSquatina_australis,Squatina_australisSquatina_caillieti,Squatina_caillietiSquatina_californica,Squatina_californicaSquatina_dumeril,Squatina_dumerilSquatina_formosa,Squatina_formosaSquatina_guggenheim,Squatina_guggenheimSquatina_japonica,Squatina_japonicaSquatina_legnota,Squatina_legnotaSquatina_nebulosa,Squatina_nebulosaSquatina_occulta,Squatina_occultaSquatina_oculata,Squatina_oculataSquatina_pseudocellata,Squatina_pseudocellataSquatina_squatina,Squatina_squatinaSquatina_tergocellata,Squatina_tergocellataSquatina_tergocellatoides,Squatina_tergocellatoides